game_id,school,sport,game_dt,season_type,opponent,result,team_points,opp_points,ot,rank,opponent_rank,end_inc_window,attendance
0,michigan,football,2010-09-04 19:30:00+00:00,regular,connecticut,W,30,10,,,,2010-09-05 06:30:00+00:00,0.0
1,michigan,football,2010-09-11 19:30:00+00:00,regular,notre dame,W,28,24,,,,2010-09-12 06:30:00+00:00,0.0
2,michigan,football,2010-09-18 16:00:00+00:00,regular,umass,W,42,37,,20.0,,2010-09-19 03:00:00+00:00,0.0
3,michigan,football,2010-09-25 16:00:00+00:00,regular,bowling green,W,65,21,,21.0,,2010-09-26 03:00:00+00:00,0.0
4,michigan,football,2010-10-02 19:30:00+00:00,regular,indiana,W,42,35,,19.0,,2010-10-03 06:30:00+00:00,0.0
5,michigan,football,2010-10-09 19:30:00+00:00,regular,michigan state,L,17,34,,18.0,17.0,2010-10-10 06:30:00+00:00,0.0
6,michigan,football,2010-10-16 19:30:00+00:00,regular,iowa,L,28,38,,,15.0,2010-10-17 06:30:00+00:00,0.0
7,michigan,football,2010-10-31 00:00:00+00:00,regular,penn state,L,31,41,,,,2010-10-31 11:00:00+00:00,0.0
8,michigan,football,2010-11-06 16:00:00+00:00,regular,illinois,W,67,65,OT,,,2010-11-07 03:00:00+00:00,0.0
9,michigan,football,2010-11-13 17:00:00+00:00,regular,purdue,W,27,16,,,,2010-11-14 04:00:00+00:00,0.0
10,michigan,football,2010-11-20 17:00:00+00:00,regular,wisconsin,L,28,48,,,7.0,2010-11-21 04:00:00+00:00,0.0
11,michigan,football,2010-11-27 17:00:00+00:00,regular,ohio state,L,7,37,,,8.0,2010-11-28 04:00:00+00:00,0.0
12,michigan,football,2019-08-31 23:30:00+00:00,regular,middle tennessee,W,40,21,,7.0,,2019-09-01 10:30:00+00:00,110811.0
13,michigan,football,2019-09-07 16:00:00+00:00,regular,army,W,24,21,OT,7.0,,2019-09-08 03:00:00+00:00,111747.0
14,michigan,football,2019-09-21 16:00:00+00:00,regular,wisconsin,L,14,35,,11.0,13.0,2019-09-22 03:00:00+00:00,80245.0
15,michigan,football,2019-09-28 16:00:00+00:00,regular,rutgers,W,52,0,,20.0,,2019-09-29 03:00:00+00:00,110662.0
16,michigan,football,2019-10-05 16:00:00+00:00,regular,iowa,W,10,3,,19.0,14.0,2019-10-06 03:00:00+00:00,111519.0
17,michigan,football,2019-10-12 16:00:00+00:00,regular,illinois,W,42,25,,16.0,,2019-10-13 03:00:00+00:00,37275.0
18,michigan,football,2019-10-19 23:30:00+00:00,regular,penn state,L,21,28,,16.0,7.0,2019-10-20 10:30:00+00:00,110669.0
19,michigan,football,2019-10-26 23:30:00+00:00,regular,notre dame,W,45,14,,19.0,8.0,2019-10-27 10:30:00+00:00,111909.0
20,michigan,football,2019-11-02 16:00:00+00:00,regular,maryland,W,38,7,,14.0,,2019-11-03 03:00:00+00:00,40701.0
21,michigan,football,2019-11-16 17:00:00+00:00,regular,michigan state,W,44,10,,15.0,,2019-11-17 04:00:00+00:00,111496.0
22,michigan,football,2019-11-23 20:30:00+00:00,regular,indiana,W,39,14,,13.0,,2019-11-24 07:30:00+00:00,43671.0
23,michigan,football,2019-11-30 17:00:00+00:00,regular,ohio state,L,27,56,,10.0,2.0,2019-12-01 04:00:00+00:00,112071.0
24,michigan,football,2009-09-05 19:30:00+00:00,regular,western michigan,W,31,7,,,,2009-09-06 06:30:00+00:00,0.0
25,michigan,football,2009-09-12 19:30:00+00:00,regular,notre dame,W,38,34,,,18.0,2009-09-13 06:30:00+00:00,0.0
26,michigan,football,2009-09-19 16:00:00+00:00,regular,eastern michigan,W,45,17,,25.0,,2009-09-20 03:00:00+00:00,0.0
27,michigan,football,2009-09-26 16:00:00+00:00,regular,indiana,W,36,33,,23.0,,2009-09-27 03:00:00+00:00,0.0
28,michigan,football,2009-10-03 16:00:00+00:00,regular,michigan state,L,20,26,OT,22.0,,2009-10-04 03:00:00+00:00,0.0
29,michigan,football,2009-10-11 00:05:00+00:00,regular,iowa,L,28,30,,,12.0,2009-10-11 11:05:00+00:00,0.0
30,michigan,football,2009-10-17 16:00:00+00:00,regular,delaware state,W,63,6,,,,2009-10-18 03:00:00+00:00,0.0
31,michigan,football,2009-10-24 19:30:00+00:00,regular,penn state,L,10,35,,,13.0,2009-10-25 06:30:00+00:00,0.0
32,michigan,football,2009-10-31 19:30:00+00:00,regular,illinois,L,13,38,,,,2009-11-01 06:30:00+00:00,0.0
33,michigan,football,2009-11-07 17:00:00+00:00,regular,purdue,L,36,38,,,,2009-11-08 04:00:00+00:00,0.0
34,michigan,football,2009-11-14 17:00:00+00:00,regular,wisconsin,L,24,45,,,20.0,2009-11-15 04:00:00+00:00,0.0
35,michigan,football,2009-11-21 17:00:00+00:00,regular,ohio state,L,10,21,,,10.0,2009-11-22 04:00:00+00:00,0.0
36,michigan,football,2015-09-04 00:30:00+00:00,regular,utah,L,17,24,,,,2015-09-04 11:30:00+00:00,47825.0
37,michigan,football,2015-09-12 16:00:00+00:00,regular,oregon state,W,35,7,,,,2015-09-13 03:00:00+00:00,109651.0
38,michigan,football,2015-09-19 16:00:00+00:00,regular,unlv,W,28,7,,,,2015-09-20 03:00:00+00:00,108683.0
39,michigan,football,2015-09-26 16:00:00+00:00,regular,byu,W,31,0,,,22.0,2015-09-27 03:00:00+00:00,108940.0
40,michigan,football,2015-10-03 16:00:00+00:00,regular,maryland,W,28,0,,22.0,,2015-10-04 03:00:00+00:00,51802.0
41,michigan,football,2015-10-10 19:30:00+00:00,regular,northwestern,W,38,0,,18.0,13.0,2015-10-11 06:30:00+00:00,110452.0
42,michigan,football,2015-10-17 19:30:00+00:00,regular,michigan state,L,23,27,,12.0,7.0,2015-10-18 06:30:00+00:00,111740.0
43,michigan,football,2015-10-31 23:00:00+00:00,regular,minnesota,W,29,26,,15.0,,2015-11-01 10:00:00+00:00,50709.0
44,michigan,football,2015-11-07 20:30:00+00:00,regular,rutgers,W,49,16,,17.0,,2015-11-08 07:30:00+00:00,109879.0
45,michigan,football,2015-11-14 20:30:00+00:00,regular,indiana,W,48,41,OT,14.0,,2015-11-15 07:30:00+00:00,49557.0
46,michigan,football,2015-11-21 17:00:00+00:00,regular,penn state,W,28,16,,12.0,,2015-11-22 04:00:00+00:00,107418.0
47,michigan,football,2015-11-28 17:00:00+00:00,regular,ohio state,L,13,42,,10.0,8.0,2015-11-29 04:00:00+00:00,111829.0
48,michigan,football,2016-09-03 16:00:00+00:00,regular,hawai'i,W,63,3,,7.0,,2016-09-04 03:00:00+00:00,110222.0
49,michigan,football,2016-09-10 16:00:00+00:00,regular,ucf,W,51,14,,5.0,,2016-09-11 03:00:00+00:00,109295.0
50,michigan,football,2016-09-17 19:30:00+00:00,regular,colorado,W,45,28,,4.0,,2016-09-18 06:30:00+00:00,110042.0
51,michigan,football,2016-09-24 19:30:00+00:00,regular,penn state,W,49,10,,4.0,,2016-09-25 06:30:00+00:00,110319.0
52,michigan,football,2016-10-01 19:30:00+00:00,regular,wisconsin,W,14,7,,4.0,8.0,2016-10-02 06:30:00+00:00,111846.0
53,michigan,football,2016-10-08 23:00:00+00:00,regular,rutgers,W,78,0,,4.0,,2016-10-09 10:00:00+00:00,53292.0
54,michigan,football,2016-10-22 19:30:00+00:00,regular,illinois,W,41,8,,3.0,,2016-10-23 06:30:00+00:00,111103.0
55,michigan,football,2016-10-29 16:00:00+00:00,regular,michigan state,W,32,23,,2.0,,2016-10-30 03:00:00+00:00,75802.0
56,michigan,football,2016-11-05 19:30:00+00:00,regular,maryland,W,59,3,,3.0,,2016-11-06 06:30:00+00:00,110626.0
57,michigan,football,2016-11-13 01:00:00+00:00,regular,iowa,L,13,14,,3.0,,2016-11-13 12:00:00+00:00,70585.0
58,michigan,football,2016-11-19 20:30:00+00:00,regular,indiana,W,20,10,,3.0,,2016-11-20 07:30:00+00:00,110288.0
59,michigan,football,2016-11-26 17:00:00+00:00,regular,ohio state,L,27,30,OT,3.0,2.0,2016-11-27 04:00:00+00:00,110045.0
60,michigan,football,2013-08-31 19:30:00+00:00,regular,central michigan,W,59,9,,17.0,,2013-09-01 06:30:00+00:00,112618.0
61,michigan,football,2013-09-08 00:00:00+00:00,regular,notre dame,W,41,30,,17.0,14.0,2013-09-08 11:00:00+00:00,115109.0
62,michigan,football,2013-09-14 16:00:00+00:00,regular,akron,W,28,24,,11.0,,2013-09-15 03:00:00+00:00,107120.0
63,michigan,football,2013-09-22 00:00:00+00:00,regular,connecticut,W,24,21,,15.0,,2013-09-22 11:00:00+00:00,42704.0
64,michigan,football,2013-10-05 19:30:00+00:00,regular,minnesota,W,42,13,,19.0,,2013-10-06 06:30:00+00:00,111079.0
65,michigan,football,2013-10-12 21:00:00+00:00,regular,penn state,L,40,43,OT,18.0,,2013-10-13 08:00:00+00:00,107884.0
66,michigan,football,2013-10-19 19:30:00+00:00,regular,indiana,W,63,47,,,,2013-10-20 06:30:00+00:00,109503.0
67,michigan,football,2013-11-02 19:30:00+00:00,regular,michigan state,L,6,29,,21.0,22.0,2013-11-03 06:30:00+00:00,76306.0
68,michigan,football,2013-11-09 20:30:00+00:00,regular,nebraska,L,13,17,,,,2013-11-10 07:30:00+00:00,112204.0
69,michigan,football,2013-11-16 20:30:00+00:00,regular,northwestern,W,27,19,OT,,,2013-11-17 07:30:00+00:00,47330.0
70,michigan,football,2013-11-23 17:00:00+00:00,regular,iowa,L,21,24,,,,2013-11-24 04:00:00+00:00,65708.0
71,michigan,football,2013-11-30 17:00:00+00:00,regular,ohio state,L,41,42,,,3.0,2013-12-01 04:00:00+00:00,113511.0
72,michigan,football,2014-08-30 16:00:00+00:00,regular,appalachian state,W,52,14,,,,2014-08-31 03:00:00+00:00,106811.0
73,michigan,football,2014-09-06 23:30:00+00:00,regular,notre dame,L,0,31,,,16.0,2014-09-07 10:30:00+00:00,80795.0
74,michigan,football,2014-09-13 19:30:00+00:00,regular,miami (oh),W,34,10,,,,2014-09-14 06:30:00+00:00,102824.0
75,michigan,football,2014-09-20 19:30:00+00:00,regular,utah,L,10,26,,,,2014-09-21 06:30:00+00:00,103890.0
76,michigan,football,2014-09-27 19:30:00+00:00,regular,minnesota,L,14,30,,,,2014-09-28 06:30:00+00:00,102926.0
77,michigan,football,2014-10-04 23:00:00+00:00,regular,rutgers,L,24,26,,,,2014-10-05 10:00:00+00:00,53327.0
78,michigan,football,2014-10-11 23:00:00+00:00,regular,penn state,W,18,13,,,,2014-10-12 10:00:00+00:00,113085.0
79,michigan,football,2014-10-25 19:30:00+00:00,regular,michigan state,L,11,35,,,8.0,2014-10-26 06:30:00+00:00,76331.0
80,michigan,football,2014-11-01 19:30:00+00:00,regular,indiana,W,34,10,,,,2014-11-02 06:30:00+00:00,103111.0
81,michigan,football,2014-11-08 20:30:00+00:00,regular,northwestern,W,10,9,,,,2014-11-09 07:30:00+00:00,42429.0
82,michigan,football,2014-11-22 20:30:00+00:00,regular,maryland,L,16,23,,,,2014-11-23 07:30:00+00:00,101717.0
83,michigan,football,2014-11-29 17:00:00+00:00,regular,ohio state,L,28,42,,,6.0,2014-11-30 04:00:00+00:00,108610.0
84,michigan,football,2018-09-01 23:30:00+00:00,regular,notre dame,L,17,24,,14.0,12.0,2018-09-02 10:30:00+00:00,0.0
85,michigan,football,2018-09-08 16:00:00+00:00,regular,western michigan,W,49,3,,21.0,,2018-09-09 03:00:00+00:00,0.0
86,michigan,football,2018-09-15 19:30:00+00:00,regular,smu,W,45,20,,19.0,,2018-09-16 06:30:00+00:00,0.0
87,michigan,football,2018-09-22 16:00:00+00:00,regular,nebraska,W,56,10,,19.0,,2018-09-23 03:00:00+00:00,0.0
88,michigan,football,2018-09-29 20:47:00+00:00,regular,northwestern,W,20,17,,14.0,,2018-09-30 07:47:00+00:00,0.0
89,michigan,football,2018-10-06 16:00:00+00:00,regular,maryland,W,42,21,,15.0,,2018-10-07 03:00:00+00:00,0.0
90,michigan,football,2018-10-13 23:30:00+00:00,regular,wisconsin,W,38,13,,12.0,15.0,2018-10-14 10:30:00+00:00,0.0
91,michigan,football,2018-10-20 16:00:00+00:00,regular,michigan state,W,21,7,,6.0,24.0,2018-10-21 03:00:00+00:00,0.0
92,michigan,football,2018-11-03 19:45:00+00:00,regular,penn state,W,42,7,,5.0,14.0,2018-11-04 06:45:00+00:00,0.0
93,michigan,football,2018-11-10 20:30:00+00:00,regular,rutgers,W,42,7,,4.0,,2018-11-11 07:30:00+00:00,0.0
94,michigan,football,2018-11-17 21:00:00+00:00,regular,indiana,W,31,20,,4.0,,2018-11-18 08:00:00+00:00,0.0
95,michigan,football,2018-11-24 17:00:00+00:00,regular,ohio state,L,39,62,,4.0,10.0,2018-11-25 04:00:00+00:00,0.0
96,michigan,football,2011-09-03 19:30:00+00:00,regular,western michigan,W,34,10,OT,,,2011-09-04 06:30:00+00:00,0.0
97,michigan,football,2011-09-11 00:00:00+00:00,regular,notre dame,W,35,31,,,,2011-09-11 11:00:00+00:00,0.0
98,michigan,football,2011-09-17 16:00:00+00:00,regular,eastern michigan,W,31,3,,,,2011-09-18 03:00:00+00:00,0.0
99,michigan,football,2011-09-24 16:00:00+00:00,regular,san diego state,W,28,7,,22.0,,2011-09-25 03:00:00+00:00,0.0
100,michigan,football,2011-10-01 16:00:00+00:00,regular,minnesota,W,58,0,,19.0,,2011-10-02 03:00:00+00:00,0.0
101,michigan,football,2011-10-08 23:00:00+00:00,regular,northwestern,W,42,24,,12.0,,2011-10-09 10:00:00+00:00,0.0
102,michigan,football,2011-10-15 16:00:00+00:00,regular,michigan state,L,14,28,,11.0,23.0,2011-10-16 03:00:00+00:00,0.0
103,michigan,football,2011-10-29 16:00:00+00:00,regular,purdue,W,36,14,,18.0,,2011-10-30 03:00:00+00:00,0.0
104,michigan,football,2011-11-05 16:00:00+00:00,regular,iowa,L,16,24,,15.0,,2011-11-06 03:00:00+00:00,0.0
105,michigan,football,2011-11-12 20:30:00+00:00,regular,illinois,W,31,14,,24.0,,2011-11-13 07:30:00+00:00,0.0
106,michigan,football,2011-11-19 17:00:00+00:00,regular,nebraska,W,45,17,,18.0,16.0,2011-11-20 04:00:00+00:00,0.0
107,michigan,football,2011-11-26 17:00:00+00:00,regular,ohio state,W,40,34,,15.0,,2011-11-27 04:00:00+00:00,0.0
108,michigan,football,2012-09-02 00:00:00+00:00,regular,alabama,L,14,41,,8.0,2.0,2012-09-02 11:00:00+00:00,90413.0
109,michigan,football,2012-09-08 19:30:00+00:00,regular,air force,W,31,25,,19.0,,2012-09-09 06:30:00+00:00,112522.0
110,michigan,football,2012-09-15 19:30:00+00:00,regular,umass,W,63,13,,17.0,,2012-09-16 06:30:00+00:00,110708.0
111,michigan,football,2012-09-22 23:30:00+00:00,regular,notre dame,L,6,13,,18.0,11.0,2012-09-23 10:30:00+00:00,80795.0
112,michigan,football,2012-10-06 20:00:00+00:00,regular,purdue,W,44,13,,,,2012-10-07 07:00:00+00:00,50105.0
113,michigan,football,2012-10-13 19:30:00+00:00,regular,illinois,W,45,0,,25.0,,2012-10-14 06:30:00+00:00,110922.0
114,michigan,football,2012-10-20 19:30:00+00:00,regular,michigan state,W,12,10,,,,2012-10-21 06:30:00+00:00,113833.0
115,michigan,football,2012-10-28 00:00:00+00:00,regular,nebraska,L,9,23,,22.0,,2012-10-28 11:00:00+00:00,86160.0
116,michigan,football,2012-11-03 16:00:00+00:00,regular,minnesota,W,35,13,,,,2012-11-04 03:00:00+00:00,48801.0
117,michigan,football,2012-11-10 17:00:00+00:00,regular,northwestern,W,38,31,OT,,24.0,2012-11-11 04:00:00+00:00,112510.0
118,michigan,football,2012-11-17 17:00:00+00:00,regular,iowa,W,42,17,,21.0,,2012-11-18 04:00:00+00:00,113016.0
119,michigan,football,2012-11-24 17:00:00+00:00,regular,ohio state,L,21,26,,19.0,,2012-11-25 04:00:00+00:00,105899.0
120,michigan,football,2017-09-02 19:30:00+00:00,regular,florida,W,33,17,,11.0,17.0,2017-09-03 06:30:00+00:00,75802.0
121,michigan,football,2017-09-09 16:00:00+00:00,regular,cincinnati,W,36,14,,8.0,,2017-09-10 03:00:00+00:00,111384.0
122,michigan,football,2017-09-16 16:00:00+00:00,regular,air force,W,29,13,,7.0,,2017-09-17 03:00:00+00:00,111387.0
123,michigan,football,2017-09-23 20:00:00+00:00,regular,purdue,W,28,10,,8.0,,2017-09-24 07:00:00+00:00,60042.0
124,michigan,football,2017-10-07 23:30:00+00:00,regular,michigan state,L,10,14,,7.0,,2017-10-08 10:30:00+00:00,112432.0
125,michigan,football,2017-10-14 16:00:00+00:00,regular,indiana,W,27,20,OT,17.0,,2017-10-15 03:00:00+00:00,52929.0
126,michigan,football,2017-10-21 23:30:00+00:00,regular,penn state,L,13,42,,19.0,2.0,2017-10-22 10:30:00+00:00,110823.0
127,michigan,football,2017-10-28 16:00:00+00:00,regular,rutgers,W,35,14,,,,2017-10-29 03:00:00+00:00,111213.0
128,michigan,football,2017-11-05 00:30:00+00:00,regular,minnesota,W,33,10,,,,2017-11-05 11:30:00+00:00,111090.0
129,michigan,football,2017-11-11 20:30:00+00:00,regular,maryland,W,35,10,,,,2017-11-12 07:30:00+00:00,44325.0
130,michigan,football,2017-11-18 17:00:00+00:00,regular,wisconsin,L,10,24,,24.0,5.0,2017-11-19 04:00:00+00:00,81216.0
131,michigan,football,2017-11-25 17:00:00+00:00,regular,ohio state,L,20,31,,,9.0,2017-11-26 04:00:00+00:00,112028.0
132,michigan state,football,2010-09-04 16:00:00+00:00,regular,western michigan,W,38,14,,,,2010-09-05 03:00:00+00:00,0.0
133,michigan state,football,2010-09-11 16:00:00+00:00,regular,florida atlantic,W,30,17,,,,2010-09-12 03:00:00+00:00,0.0
134,michigan state,football,2010-09-19 00:00:00+00:00,regular,notre dame,W,34,31,OT,,,2010-09-19 11:00:00+00:00,0.0
135,michigan state,football,2010-09-25 16:00:00+00:00,regular,northern colorado,W,45,7,,25.0,,2010-09-26 03:00:00+00:00,0.0
136,michigan state,football,2010-10-02 19:30:00+00:00,regular,wisconsin,W,34,24,,24.0,11.0,2010-10-03 06:30:00+00:00,0.0
137,michigan state,football,2010-10-09 19:30:00+00:00,regular,michigan,W,34,17,,17.0,18.0,2010-10-10 06:30:00+00:00,0.0
138,michigan state,football,2010-10-16 16:00:00+00:00,regular,illinois,W,26,6,,13.0,,2010-10-17 03:00:00+00:00,0.0
139,michigan state,football,2010-10-23 16:00:00+00:00,regular,northwestern,W,35,27,,7.0,,2010-10-24 03:00:00+00:00,0.0
140,michigan state,football,2010-10-30 19:30:00+00:00,regular,iowa,L,6,37,,5.0,18.0,2010-10-31 06:30:00+00:00,0.0
141,michigan state,football,2010-11-06 16:00:00+00:00,regular,minnesota,W,31,8,,14.0,,2010-11-07 03:00:00+00:00,0.0
142,michigan state,football,2010-11-20 17:00:00+00:00,regular,purdue,W,35,31,,12.0,,2010-11-21 04:00:00+00:00,0.0
143,michigan state,football,2010-11-27 17:00:00+00:00,regular,penn state,W,28,22,,10.0,,2010-11-28 04:00:00+00:00,0.0
144,michigan state,football,2019-08-30 23:00:00+00:00,regular,tulsa,W,28,7,,18.0,,2019-08-31 10:00:00+00:00,72005.0
145,michigan state,football,2019-09-07 23:30:00+00:00,regular,western michigan,W,51,17,,19.0,,2019-09-08 10:30:00+00:00,73113.0
146,michigan state,football,2019-09-14 20:00:00+00:00,regular,arizona state,L,7,10,,18.0,,2019-09-15 07:00:00+00:00,73531.0
147,michigan state,football,2019-09-21 16:00:00+00:00,regular,northwestern,W,31,10,,,,2019-09-22 03:00:00+00:00,40114.0
148,michigan state,football,2019-09-28 19:30:00+00:00,regular,indiana,W,40,31,,25.0,,2019-09-29 06:30:00+00:00,71048.0
149,michigan state,football,2019-10-05 23:30:00+00:00,regular,ohio state,L,10,34,,25.0,4.0,2019-10-06 10:30:00+00:00,104797.0
150,michigan state,football,2019-10-12 19:30:00+00:00,regular,wisconsin,L,0,38,,,8.0,2019-10-13 06:30:00+00:00,80470.0
151,michigan state,football,2019-10-26 19:30:00+00:00,regular,penn state,L,7,28,,,6.0,2019-10-27 06:30:00+00:00,70298.0
152,michigan state,football,2019-11-09 20:30:00+00:00,regular,illinois,L,34,37,,,,2019-11-10 07:30:00+00:00,63370.0
153,michigan state,football,2019-11-16 17:00:00+00:00,regular,michigan,L,10,44,,,15.0,2019-11-17 04:00:00+00:00,111496.0
154,michigan state,football,2019-11-23 17:00:00+00:00,regular,rutgers,W,27,0,,,,2019-11-24 04:00:00+00:00,24641.0
155,michigan state,football,2019-11-30 20:30:00+00:00,regular,maryland,W,19,16,,,,2019-12-01 07:30:00+00:00,51366.0
156,michigan state,football,2009-09-05 16:00:00+00:00,regular,montana state,W,44,3,,,,2009-09-06 03:00:00+00:00,0.0
157,michigan state,football,2009-09-12 16:00:00+00:00,regular,central michigan,L,27,29,,,,2009-09-13 03:00:00+00:00,0.0
158,michigan state,football,2009-09-19 19:30:00+00:00,regular,notre dame,L,30,33,,,,2009-09-20 06:30:00+00:00,0.0
159,michigan state,football,2009-09-26 16:00:00+00:00,regular,wisconsin,L,30,38,,,,2009-09-27 03:00:00+00:00,0.0
160,michigan state,football,2009-10-03 16:00:00+00:00,regular,michigan,W,26,20,OT,,22.0,2009-10-04 03:00:00+00:00,0.0
161,michigan state,football,2009-10-10 16:00:00+00:00,regular,illinois,W,24,14,,,,2009-10-11 03:00:00+00:00,0.0
162,michigan state,football,2009-10-17 16:00:00+00:00,regular,northwestern,W,24,14,,,,2009-10-18 03:00:00+00:00,0.0
163,michigan state,football,2009-10-24 23:00:00+00:00,regular,iowa,L,13,15,,,6.0,2009-10-25 10:00:00+00:00,0.0
164,michigan state,football,2009-11-01 00:00:00+00:00,regular,minnesota,L,34,42,,,,2009-11-01 11:00:00+00:00,0.0
165,michigan state,football,2009-11-07 17:00:00+00:00,regular,western michigan,W,49,14,,,,2009-11-08 04:00:00+00:00,0.0
166,michigan state,football,2009-11-14 17:00:00+00:00,regular,purdue,W,40,37,,,,2009-11-15 04:00:00+00:00,0.0
167,michigan state,football,2009-11-21 20:30:00+00:00,regular,penn state,L,14,42,,,14.0,2009-11-22 07:30:00+00:00,0.0
168,michigan state,football,2015-09-04 23:00:00+00:00,regular,western michigan,W,37,24,,5.0,,2015-09-05 10:00:00+00:00,30885.0
169,michigan state,football,2015-09-13 00:00:00+00:00,regular,oregon,W,31,28,,5.0,7.0,2015-09-13 11:00:00+00:00,76526.0
170,michigan state,football,2015-09-19 16:00:00+00:00,regular,air force,W,35,21,,4.0,,2015-09-20 03:00:00+00:00,74211.0
171,michigan state,football,2015-09-26 16:00:00+00:00,regular,central michigan,W,30,10,,2.0,,2015-09-27 03:00:00+00:00,75218.0
172,michigan state,football,2015-10-03 16:00:00+00:00,regular,purdue,W,24,21,,2.0,,2015-10-04 03:00:00+00:00,74418.0
173,michigan state,football,2015-10-11 00:00:00+00:00,regular,rutgers,W,31,24,,4.0,,2015-10-11 11:00:00+00:00,50373.0
174,michigan state,football,2015-10-17 19:30:00+00:00,regular,michigan,W,27,23,,7.0,12.0,2015-10-18 06:30:00+00:00,111740.0
175,michigan state,football,2015-10-24 19:30:00+00:00,regular,indiana,W,52,26,,7.0,,2015-10-25 06:30:00+00:00,74144.0
176,michigan state,football,2015-11-08 00:00:00+00:00,regular,nebraska,L,38,39,,7.0,,2015-11-08 11:00:00+00:00,90094.0
177,michigan state,football,2015-11-14 17:00:00+00:00,regular,maryland,W,24,7,,13.0,,2015-11-15 04:00:00+00:00,73406.0
178,michigan state,football,2015-11-21 20:30:00+00:00,regular,ohio state,W,17,14,,9.0,3.0,2015-11-22 07:30:00+00:00,108975.0
179,michigan state,football,2015-11-28 20:30:00+00:00,regular,penn state,W,55,16,,5.0,,2015-11-29 07:30:00+00:00,74705.0
180,michigan state,football,2015-12-06 01:00:00+00:00,regular,iowa,W,16,13,,5.0,4.0,2015-12-06 12:00:00+00:00,66985.0
181,michigan state,football,2016-09-02 23:00:00+00:00,regular,furman,W,28,13,,12.0,,2016-09-03 10:00:00+00:00,74516.0
182,michigan state,football,2016-09-17 23:30:00+00:00,regular,notre dame,W,36,28,,12.0,18.0,2016-09-18 10:30:00+00:00,80795.0
183,michigan state,football,2016-09-24 16:00:00+00:00,regular,wisconsin,L,6,30,,8.0,11.0,2016-09-25 03:00:00+00:00,75505.0
184,michigan state,football,2016-10-02 00:00:00+00:00,regular,indiana,L,21,24,OT,17.0,,2016-10-02 11:00:00+00:00,43971.0
185,michigan state,football,2016-10-08 19:30:00+00:00,regular,byu,L,14,31,,,,2016-10-09 06:30:00+00:00,74214.0
186,michigan state,football,2016-10-15 19:30:00+00:00,regular,northwestern,L,40,54,,,,2016-10-16 06:30:00+00:00,75625.0
187,michigan state,football,2016-10-22 23:30:00+00:00,regular,maryland,L,17,28,,,,2016-10-23 10:30:00+00:00,41235.0
188,michigan state,football,2016-10-29 16:00:00+00:00,regular,michigan,L,23,32,,,2.0,2016-10-30 03:00:00+00:00,75802.0
189,michigan state,football,2016-11-05 16:00:00+00:00,regular,illinois,L,27,31,,,,2016-11-06 03:00:00+00:00,47144.0
190,michigan state,football,2016-11-12 17:00:00+00:00,regular,rutgers,W,49,0,,,,2016-11-13 04:00:00+00:00,73701.0
191,michigan state,football,2016-11-19 17:00:00+00:00,regular,ohio state,L,16,17,,,2.0,2016-11-20 04:00:00+00:00,73303.0
192,michigan state,football,2016-11-26 20:30:00+00:00,regular,penn state,L,12,45,,,7.0,2016-11-27 07:30:00+00:00,97418.0
193,michigan state,football,2013-08-31 00:00:00+00:00,regular,western michigan,W,26,13,,,,2013-08-31 11:00:00+00:00,71214.0
194,michigan state,football,2013-09-07 16:00:00+00:00,regular,south florida,W,21,6,,,,2013-09-08 03:00:00+00:00,70401.0
195,michigan state,football,2013-09-14 18:00:00+00:00,regular,youngstown state,W,55,17,,,,2013-09-15 05:00:00+00:00,71626.0
196,michigan state,football,2013-09-21 19:30:00+00:00,regular,notre dame,L,13,17,,,22.0,2013-09-22 06:30:00+00:00,80795.0
197,michigan state,football,2013-10-05 16:00:00+00:00,regular,iowa,W,26,14,,,,2013-10-06 03:00:00+00:00,69025.0
198,michigan state,football,2013-10-12 16:00:00+00:00,regular,indiana,W,42,28,,,,2013-10-13 03:00:00+00:00,73815.0
199,michigan state,football,2013-10-19 16:00:00+00:00,regular,purdue,W,14,0,,,,2013-10-20 03:00:00+00:00,71514.0
200,michigan state,football,2013-10-26 19:30:00+00:00,regular,illinois,W,42,3,,,,2013-10-27 06:30:00+00:00,45895.0
201,michigan state,football,2013-11-02 19:30:00+00:00,regular,michigan,W,29,6,,22.0,21.0,2013-11-03 06:30:00+00:00,76306.0
202,michigan state,football,2013-11-16 20:30:00+00:00,regular,nebraska,W,41,28,,16.0,,2013-11-17 07:30:00+00:00,90872.0
203,michigan state,football,2013-11-23 17:00:00+00:00,regular,northwestern,W,30,6,,13.0,,2013-11-24 04:00:00+00:00,40013.0
204,michigan state,football,2013-11-30 17:00:00+00:00,regular,minnesota,W,14,3,,11.0,,2013-12-01 04:00:00+00:00,71418.0
205,michigan state,football,2013-12-08 01:17:00+00:00,regular,ohio state,W,34,24,,10.0,2.0,2013-12-08 12:17:00+00:00,66002.0
206,michigan state,football,2014-08-29 23:30:00+00:00,regular,jacksonville state,W,45,7,,8.0,,2014-08-30 10:30:00+00:00,75127.0
207,michigan state,football,2014-09-06 22:30:00+00:00,regular,oregon,L,27,46,,7.0,3.0,2014-09-07 09:30:00+00:00,59496.0
208,michigan state,football,2014-09-20 16:00:00+00:00,regular,eastern michigan,W,73,14,,11.0,,2014-09-21 03:00:00+00:00,73846.0
209,michigan state,football,2014-09-27 16:00:00+00:00,regular,wyoming,W,56,14,,9.0,,2014-09-28 03:00:00+00:00,74227.0
210,michigan state,football,2014-10-05 00:00:00+00:00,regular,nebraska,W,27,22,,10.0,19.0,2014-10-05 11:00:00+00:00,75923.0
211,michigan state,football,2014-10-11 19:30:00+00:00,regular,purdue,W,45,31,,8.0,,2014-10-12 06:30:00+00:00,40217.0
212,michigan state,football,2014-10-18 19:30:00+00:00,regular,indiana,W,56,17,,8.0,,2014-10-19 06:30:00+00:00,44403.0
213,michigan state,football,2014-10-25 19:30:00+00:00,regular,michigan,W,35,11,,8.0,,2014-10-26 06:30:00+00:00,76331.0
214,michigan state,football,2014-11-09 01:00:00+00:00,regular,ohio state,L,37,49,,8.0,14.0,2014-11-09 12:00:00+00:00,76409.0
215,michigan state,football,2014-11-16 01:00:00+00:00,regular,maryland,W,37,15,,12.0,,2014-11-16 12:00:00+00:00,51802.0
216,michigan state,football,2014-11-22 17:00:00+00:00,regular,rutgers,W,45,3,,11.0,,2014-11-23 04:00:00+00:00,70902.0
217,michigan state,football,2014-11-29 20:30:00+00:00,regular,penn state,W,34,10,,10.0,,2014-11-30 07:30:00+00:00,99902.0
218,michigan state,football,2018-08-31 23:00:00+00:00,regular,utah state,W,38,31,,11.0,,2018-09-01 10:00:00+00:00,0.0
219,michigan state,football,2018-09-09 02:45:00+00:00,regular,arizona state,L,13,16,,15.0,,2018-09-09 13:45:00+00:00,0.0
220,michigan state,football,2018-09-22 23:30:00+00:00,regular,indiana,W,35,21,,24.0,,2018-09-23 10:30:00+00:00,0.0
221,michigan state,football,2018-09-29 16:00:00+00:00,regular,central michigan,W,31,20,,21.0,,2018-09-30 03:00:00+00:00,0.0
222,michigan state,football,2018-10-06 16:00:00+00:00,regular,northwestern,L,19,29,,20.0,,2018-10-07 03:00:00+00:00,0.0
223,michigan state,football,2018-10-13 19:30:00+00:00,regular,penn state,W,21,17,,,8.0,2018-10-14 06:30:00+00:00,0.0
224,michigan state,football,2018-10-20 16:00:00+00:00,regular,michigan,L,7,21,,24.0,6.0,2018-10-21 03:00:00+00:00,0.0
225,michigan state,football,2018-10-27 16:00:00+00:00,regular,purdue,W,23,13,,,,2018-10-28 03:00:00+00:00,0.0
226,michigan state,football,2018-11-03 16:00:00+00:00,regular,maryland,W,24,3,,,,2018-11-04 03:00:00+00:00,0.0
227,michigan state,football,2018-11-10 17:00:00+00:00,regular,ohio state,L,6,26,,18.0,10.0,2018-11-11 04:00:00+00:00,0.0
228,michigan state,football,2018-11-17 17:00:00+00:00,regular,nebraska,L,6,9,,,,2018-11-18 04:00:00+00:00,0.0
229,michigan state,football,2018-11-24 21:00:00+00:00,regular,rutgers,W,14,10,,,,2018-11-25 08:00:00+00:00,0.0
230,michigan state,football,2011-09-02 23:30:00+00:00,regular,youngstown state,W,28,6,,17.0,,2011-09-03 10:30:00+00:00,0.0
231,michigan state,football,2011-09-10 16:00:00+00:00,regular,florida atlantic,W,44,0,,17.0,,2011-09-11 03:00:00+00:00,0.0
232,michigan state,football,2011-09-17 19:30:00+00:00,regular,notre dame,L,13,31,,15.0,,2011-09-18 06:30:00+00:00,0.0
233,michigan state,football,2011-09-24 16:00:00+00:00,regular,central michigan,W,45,7,,,,2011-09-25 03:00:00+00:00,0.0
234,michigan state,football,2011-10-01 19:30:00+00:00,regular,ohio state,W,10,7,,,,2011-10-02 06:30:00+00:00,0.0
235,michigan state,football,2011-10-15 16:00:00+00:00,regular,michigan,W,28,14,,23.0,11.0,2011-10-16 03:00:00+00:00,0.0
236,michigan state,football,2011-10-23 00:00:00+00:00,regular,wisconsin,W,37,31,,16.0,6.0,2011-10-23 11:00:00+00:00,0.0
237,michigan state,football,2011-10-29 16:00:00+00:00,regular,nebraska,L,3,24,,11.0,14.0,2011-10-30 03:00:00+00:00,0.0
238,michigan state,football,2011-11-05 16:00:00+00:00,regular,minnesota,W,31,24,,17.0,,2011-11-06 03:00:00+00:00,0.0
239,michigan state,football,2011-11-12 17:00:00+00:00,regular,iowa,W,37,21,,17.0,,2011-11-13 04:00:00+00:00,0.0
240,michigan state,football,2011-11-19 17:00:00+00:00,regular,indiana,W,55,3,,15.0,,2011-11-20 04:00:00+00:00,0.0
241,michigan state,football,2011-11-26 17:00:00+00:00,regular,northwestern,W,31,17,,14.0,,2011-11-27 04:00:00+00:00,0.0
242,michigan state,football,2011-12-04 01:17:00+00:00,regular,wisconsin,L,39,42,,17.0,10.0,2011-12-04 12:17:00+00:00,0.0
243,michigan state,football,2012-09-01 00:00:00+00:00,regular,boise state,W,17,13,,13.0,24.0,2012-09-01 11:00:00+00:00,78709.0
244,michigan state,football,2012-09-08 19:30:00+00:00,regular,central michigan,W,41,7,,11.0,,2012-09-09 06:30:00+00:00,35127.0
245,michigan state,football,2012-09-16 00:00:00+00:00,regular,notre dame,L,3,20,,10.0,20.0,2012-09-16 11:00:00+00:00,79219.0
246,michigan state,football,2012-09-22 19:30:00+00:00,regular,eastern michigan,W,23,7,,21.0,,2012-09-23 06:30:00+00:00,74204.0
247,michigan state,football,2012-09-29 19:30:00+00:00,regular,ohio state,L,16,17,,20.0,14.0,2012-09-30 06:30:00+00:00,76705.0
248,michigan state,football,2012-10-06 16:00:00+00:00,regular,indiana,W,31,27,,,,2012-10-07 03:00:00+00:00,45979.0
249,michigan state,football,2012-10-13 16:00:00+00:00,regular,iowa,L,16,19,OT,,,2012-10-14 03:00:00+00:00,70211.0
250,michigan state,football,2012-10-20 19:30:00+00:00,regular,michigan,L,10,12,,,,2012-10-21 06:30:00+00:00,113833.0
251,michigan state,football,2012-10-27 19:30:00+00:00,regular,wisconsin,W,16,13,OT,,25.0,2012-10-28 06:30:00+00:00,80538.0
252,michigan state,football,2012-11-03 19:30:00+00:00,regular,nebraska,L,24,28,,,20.0,2012-11-04 06:30:00+00:00,73522.0
253,michigan state,football,2012-11-17 17:00:00+00:00,regular,northwestern,L,20,23,,,,2012-11-18 04:00:00+00:00,75101.0
254,michigan state,football,2012-11-24 20:30:00+00:00,regular,minnesota,W,26,10,,,,2012-11-25 07:30:00+00:00,44194.0
255,michigan state,football,2017-09-02 16:00:00+00:00,regular,bowling green,W,35,10,,,,2017-09-03 03:00:00+00:00,71202.0
256,michigan state,football,2017-09-09 19:30:00+00:00,regular,western michigan,W,28,14,,,,2017-09-10 06:30:00+00:00,72910.0
257,michigan state,football,2017-09-24 00:00:00+00:00,regular,notre dame,L,18,38,,,,2017-09-24 11:00:00+00:00,74023.0
258,michigan state,football,2017-09-30 20:00:00+00:00,regular,iowa,W,17,10,,,,2017-10-01 07:00:00+00:00,73331.0
259,michigan state,football,2017-10-07 23:30:00+00:00,regular,michigan,W,14,10,,,7.0,2017-10-08 10:30:00+00:00,112432.0
260,michigan state,football,2017-10-15 00:00:00+00:00,regular,minnesota,W,30,27,,21.0,,2017-10-15 11:00:00+00:00,47541.0
261,michigan state,football,2017-10-21 19:30:00+00:00,regular,indiana,W,17,9,,18.0,,2017-10-22 06:30:00+00:00,74111.0
262,michigan state,football,2017-10-28 19:30:00+00:00,regular,northwestern,L,31,39,OT,16.0,,2017-10-29 06:30:00+00:00,39369.0
263,michigan state,football,2017-11-04 16:00:00+00:00,regular,penn state,W,27,24,,24.0,7.0,2017-11-05 03:00:00+00:00,71605.0
264,michigan state,football,2017-11-11 17:00:00+00:00,regular,ohio state,L,3,48,,12.0,13.0,2017-11-12 04:00:00+00:00,107011.0
265,michigan state,football,2017-11-18 21:00:00+00:00,regular,maryland,W,17,7,,17.0,,2017-11-19 08:00:00+00:00,70216.0
266,michigan state,football,2017-11-25 21:00:00+00:00,regular,rutgers,W,40,7,,16.0,,2017-11-26 08:00:00+00:00,35021.0
267,michigan,basketball,,regular,Northern Michigan,W,97,50,,15,,,
268,michigan,basketball,,regular,Houston Baptist,W,77,55,,15,,,
269,michigan,basketball,,regular,Creighton,W,83,76,OT,15,,,
270,michigan,basketball,,regular,Marquette,L,65,79,,15,,,
271,michigan,basketball,,regular,Alabama,L,66,68,,15,,,
272,michigan,basketball,,regular,Boston College,L,58,62,,-,,,
273,michigan,basketball,,regular,Arkansas-Pine Bluff,W,67,53,,-,,,
274,michigan,basketball,,regular,Utah,L,52,68,,-,,,
275,michigan,basketball,,regular,Detroit Mercy,W,75,64,,-,,,
276,michigan,basketball,,regular,Kansas (1),L,64,75,,-,1.0,,
277,michigan,basketball,,regular,Coppin State,W,76,46,,-,,,
278,michigan,basketball,,regular,Indiana,L,65,71,,-,,,
279,michigan,basketball,,regular,Ohio State (15),W,73,64,,-,15.0,,
280,michigan,basketball,,regular,Penn State,W,64,55,,-,,,
281,michigan,basketball,,regular,Northwestern,L,62,68,,-,,,
282,michigan,basketball,,regular,Indiana,W,69,45,,-,,,
283,michigan,basketball,,regular,Connecticut (15),W,68,63,,-,15.0,,
284,michigan,basketball,,regular,Wisconsin (18),L,48,54,,-,18.0,,
285,michigan,basketball,,regular,Purdue (13),L,59,69,,-,13.0,,
286,michigan,basketball,,regular,Michigan State (5),L,56,57,,-,5.0,,
287,michigan,basketball,,regular,Iowa,W,60,46,,-,,,
288,michigan,basketball,,regular,Northwestern,L,52,67,,-,,,
289,michigan,basketball,,regular,Wisconsin (16),L,44,62,,-,16.0,,
290,michigan,basketball,,regular,Minnesota,W,71,63,,-,,,
291,michigan,basketball,,regular,Iowa,W,80,78,OT,-,,,
292,michigan,basketball,,regular,Penn State,L,51,55,,-,,,
293,michigan,basketball,,regular,Illinois,L,44,51,,-,,,
294,michigan,basketball,,regular,Ohio State (9),L,55,66,,-,9.0,,
295,michigan,basketball,,regular,Minnesota,W,83,55,,-,,,
296,michigan,basketball,,regular,Michigan State (11),L,48,64,,-,11.0,,
297,michigan,basketball,,CTOURN,Iowa,W,59,52,,-,,,
298,michigan,basketball,,CTOURN,Ohio State (5),L,68,69,,-,5.0,,
299,michigan,basketball,,regular,South Carolina Upstate,W,66,35,,-,,,
300,michigan,basketball,,regular,Bowling Green State,W,69,50,,-,,,
301,michigan,basketball,,regular,Gardner-Webb,W,80,58,,-,,,
302,michigan,basketball,,regular,Syracuse (9),L,50,53,,-,9.0,,
303,michigan,basketball,,regular,UTEP,L,56,65,,-,,,
304,michigan,basketball,,regular,Clemson,W,69,61,,-,,,
305,michigan,basketball,,regular,Harvard,W,65,62,,-,,,
306,michigan,basketball,,regular,Concordia (MI),W,86,65,,-,,,
307,michigan,basketball,,regular,Utah,W,75,64,,-,,,
308,michigan,basketball,,regular,North Carolina Central,W,64,44,,-,,,
309,michigan,basketball,,regular,Oakland,W,69,51,,-,,,
310,michigan,basketball,,regular,Bryant,W,87,71,,-,,,
311,michigan,basketball,,regular,Purdue (12),L,57,80,,-,12.0,,
312,michigan,basketball,,regular,Penn State,W,76,69,,-,,,
313,michigan,basketball,,regular,Wisconsin,L,50,66,,-,,,
314,michigan,basketball,,regular,Kansas (3),L,60,67,OT,-,3.0,,
315,michigan,basketball,,regular,Ohio State (2),L,64,68,,-,2.0,,
316,michigan,basketball,,regular,Indiana,L,61,80,,-,,,
317,michigan,basketball,,regular,Northwestern,L,60,74,,-,,,
318,michigan,basketball,,regular,Minnesota (15),L,64,69,,-,15.0,,
319,michigan,basketball,,regular,Michigan State (25),W,61,57,,-,25.0,,
320,michigan,basketball,,regular,Iowa,W,87,73,,-,,,
321,michigan,basketball,,regular,Ohio State (1),L,53,62,,-,1.0,,
322,michigan,basketball,,regular,Penn State,W,65,62,,-,,,
323,michigan,basketball,,regular,Northwestern,W,75,66,,-,,,
324,michigan,basketball,,regular,Indiana,W,73,69,,-,,,
325,michigan,basketball,,regular,Illinois,L,52,54,,-,,,
326,michigan,basketball,,regular,Iowa,W,75,72,OT,-,,,
327,michigan,basketball,,regular,Wisconsin (12),L,52,53,,-,12.0,,
328,michigan,basketball,,regular,Minnesota,W,70,63,,-,,,
329,michigan,basketball,,regular,Michigan State,W,70,63,,-,,,
330,michigan,basketball,,CTOURN,Illinois,W,60,55,,-,,,
331,michigan,basketball,,CTOURN,Ohio State (1),L,61,68,,-,1.0,,
332,michigan,basketball,,NCAA,Tennessee,W,75,45,,,,,
333,michigan,basketball,,NCAA,Duke (3),L,71,73,,,3.0,,
334,michigan,basketball,,regular,Ferris State,W,59,33,,18,,,
335,michigan,basketball,,regular,Towson,W,64,47,,17,,,
336,michigan,basketball,,regular,Western Illinois,W,59,55,,17,,,
337,michigan,basketball,,regular,Memphis (8),W,73,61,,15,8.0,,
338,michigan,basketball,,regular,Duke (6),L,75,82,,15,6.0,,
339,michigan,basketball,,regular,UCLA,W,79,63,,15,,,
340,michigan,basketball,,regular,Virginia,L,58,70,,14,,,
341,michigan,basketball,,regular,Iowa State,W,76,66,,14,,,
342,michigan,basketball,,regular,Oakland,W,90,80,,20,,,
343,michigan,basketball,,regular,Arkansas-Pine Bluff,W,63,50,,20,,,
344,michigan,basketball,,regular,Alabama A&M,W,87,57,,20,,,
345,michigan,basketball,,regular,Bradley,W,77,66,,20,,,
346,michigan,basketball,,regular,Penn State,W,71,53,,18,,,
347,michigan,basketball,,regular,Minnesota,W,61,56,,18,,,
348,michigan,basketball,,regular,Indiana (12),L,71,73,,16,12.0,,
349,michigan,basketball,,regular,Wisconsin (18),W,59,41,,16,18.0,,
350,michigan,basketball,,regular,Northwestern,W,66,64,OT,13,,,
351,michigan,basketball,,regular,Iowa,L,59,75,,13,,,
352,michigan,basketball,,regular,Michigan State (9),W,60,59,,20,9.0,,
353,michigan,basketball,,regular,Arkansas,L,64,66,,20,,,
354,michigan,basketball,,regular,Purdue,W,66,64,,20,,,
355,michigan,basketball,,regular,Ohio State (4),L,49,64,,20,4.0,,
356,michigan,basketball,,regular,Indiana (20),W,68,56,,23,20.0,,
357,michigan,basketball,,regular,Michigan State (9),L,54,64,,23,9.0,,
358,michigan,basketball,,regular,Nebraska,W,62,46,,22,,,
359,michigan,basketball,,regular,Illinois,W,70,61,,22,,,
360,michigan,basketball,,regular,Ohio State (6),W,56,51,,17,6.0,,
361,michigan,basketball,,regular,Northwestern,W,67,55,OT,11,,,
362,michigan,basketball,,regular,Purdue,L,61,75,,11,,,
363,michigan,basketball,,regular,Illinois,W,72,61,,13,,,
364,michigan,basketball,,regular,Penn State,W,71,65,,13,,,
365,michigan,basketball,,CTOURN,Minnesota,W,73,69,OT,10,,,
366,michigan,basketball,,CTOURN,Ohio State (7),L,55,77,,10,7.0,,
367,michigan,basketball,,NCAA,Ohio,L,60,65,,,,,
368,michigan,basketball,,regular,Slippery Rock,W,100,62,,5,,,
369,michigan,basketball,,regular,IUPUI,W,91,54,,5,,,
370,michigan,basketball,,regular,Cleveland State,W,77,47,,5,,,
371,michigan,basketball,,regular,Pittsburgh,W,67,62,,4,,,
372,michigan,basketball,,regular,Kansas State,W,71,57,,4,,,
373,michigan,basketball,,regular,NC State (18),W,79,72,,3,18.0,,
374,michigan,basketball,,regular,Bradley,W,74,66,,3,,,
375,michigan,basketball,,regular,Western Michigan,W,73,41,,3,,,
376,michigan,basketball,,regular,Arkansas,W,80,67,,3,,,
377,michigan,basketball,,regular,Binghamton,W,67,39,,3,,,
378,michigan,basketball,,regular,West Virginia,W,81,66,,3,,,
379,michigan,basketball,,regular,Eastern Michigan,W,93,54,,2,,,
380,michigan,basketball,,regular,Central Michigan,W,88,73,,2,,,
381,michigan,basketball,,regular,Northwestern,W,94,66,,2,,,
382,michigan,basketball,,regular,Iowa,W,95,67,,2,,,
383,michigan,basketball,,regular,Nebraska,W,62,47,,2,,,
384,michigan,basketball,,regular,Ohio State (15),L,53,56,,2,15.0,,
385,michigan,basketball,,regular,Minnesota (9),W,83,75,,5,9.0,,
386,michigan,basketball,,regular,Purdue,W,68,53,,2,,,
387,michigan,basketball,,regular,Illinois,W,74,60,,2,,,
388,michigan,basketball,,regular,Northwestern,W,68,46,,1,,,
389,michigan,basketball,,regular,Indiana (3),L,73,81,,1,3.0,,
390,michigan,basketball,,regular,Ohio State (10),W,76,74,OT,3,10.0,,
391,michigan,basketball,,regular,Wisconsin,L,62,65,OT,3,,,
392,michigan,basketball,,regular,Michigan State (8),L,52,75,,4,8.0,,
393,michigan,basketball,,regular,Penn State,W,79,71,,4,,,
394,michigan,basketball,,regular,Illinois,W,71,58,,7,,,
395,michigan,basketball,,regular,Penn State,L,78,84,,4,,,
396,michigan,basketball,,regular,Michigan State (9),W,58,57,,4,9.0,,
397,michigan,basketball,,regular,Purdue,W,80,75,,7,,,
398,michigan,basketball,,regular,Indiana (2),L,71,72,,7,2.0,,
399,michigan,basketball,,CTOURN,Penn State,W,83,66,,6,,,
400,michigan,basketball,,CTOURN,Wisconsin (22),L,59,68,,6,22.0,,
401,michigan,basketball,,NCAA,South Dakota State,W,71,56,,,,,
402,michigan,basketball,,NCAA,Virginia Commonwealth,W,78,53,,,,,
403,michigan,basketball,,NCAA,Kansas (3),W,87,85,OT,,3.0,,
404,michigan,basketball,,NCAA,Florida (14),W,79,59,,,14.0,,
405,michigan,basketball,,NCAA,Syracuse (16),W,61,56,,,16.0,,
406,michigan,basketball,,NCAA,Louisville (2),L,76,82,,,2.0,,
407,michigan,basketball,,regular,Massachusetts-Lowell,W,69,42,,7,,,
408,michigan,basketball,,regular,South Carolina State,W,93,59,,7,,,
409,michigan,basketball,,regular,Iowa State,L,70,77,,7,,,
410,michigan,basketball,,regular,Long Beach State,W,85,61,,15,,,
411,michigan,basketball,,regular,Florida State,W,82,80,OT,15,,,
412,michigan,basketball,,regular,Charlotte,L,61,63,,15,,,
413,michigan,basketball,,regular,Coppin State,W,87,45,,22,,,
414,michigan,basketball,,regular,Duke (10),L,69,79,,22,10.0,,
415,michigan,basketball,,regular,Houston Baptist,W,107,53,,22,,,
416,michigan,basketball,,regular,Arizona (1),L,70,72,,-,1.0,,
417,michigan,basketball,,regular,Stanford,W,68,65,,-,,,
418,michigan,basketball,,regular,Holy Cross,W,88,66,,-,,,
419,michigan,basketball,,regular,Minnesota,W,63,60,,-,,,
420,michigan,basketball,,regular,Northwestern,W,74,51,,-,,,
421,michigan,basketball,,regular,Nebraska,W,71,70,,-,,,
422,michigan,basketball,,regular,Penn State,W,80,67,,-,,,
423,michigan,basketball,,regular,Wisconsin (3),W,77,70,,-,3.0,,
424,michigan,basketball,,regular,Iowa (10),W,75,67,,21,10.0,,
425,michigan,basketball,,regular,Michigan State (3),W,80,75,,21,3.0,,
426,michigan,basketball,,regular,Purdue,W,75,66,,10,,,
427,michigan,basketball,,regular,Indiana,L,52,63,,10,,,
428,michigan,basketball,,regular,Nebraska,W,79,50,,10,,,
429,michigan,basketball,,regular,Iowa (17),L,67,85,,10,17.0,,
430,michigan,basketball,,regular,Ohio State (22),W,70,60,,15,22.0,,
431,michigan,basketball,,regular,Wisconsin (21),L,62,75,,15,21.0,,
432,michigan,basketball,,regular,Michigan State (13),W,79,70,,20,13.0,,
433,michigan,basketball,,regular,Purdue,W,77,76,OT,16,,,
434,michigan,basketball,,regular,Minnesota,W,66,56,,16,,,
435,michigan,basketball,,regular,Illinois,W,84,53,,12,,,
436,michigan,basketball,,regular,Indiana,W,84,80,,12,,,
437,michigan,basketball,,CTOURN,Illinois,W,64,63,,8,,,
438,michigan,basketball,,CTOURN,Ohio State (24),W,72,69,,8,24.0,,
439,michigan,basketball,,CTOURN,Michigan State (22),L,55,69,,8,22.0,,
440,michigan,basketball,,NCAA,Wofford,W,57,40,,,,,
441,michigan,basketball,,NCAA,Texas,W,79,65,,,,,
442,michigan,basketball,,NCAA,Tennessee,W,73,71,,,,,
443,michigan,basketball,,NCAA,Kentucky,L,72,75,,,,,
444,michigan,basketball,2014-11-15 14:00:00,regular,Hillsdale,W,92,68,,24,,2014-11-16 00:00:00,
445,michigan,basketball,2014-11-17 20:00:00,regular,Bucknell,W,77,53,,24,,2014-11-18 06:00:00,
446,michigan,basketball,2014-11-20 18:00:00,regular,Detroit Mercy,W,71,62,,24,,2014-11-21 04:00:00,
447,michigan,basketball,2014-11-24 21:45:00,regular,Oregon,W,70,63,,19,,2014-11-25 07:45:00,
448,michigan,basketball,2014-11-25 22:15:00,regular,Villanova (12),L,55,60,,19,12.0,2014-11-26 08:15:00,
449,michigan,basketball,2014-11-29 16:00:00,regular,Nicholls State,W,91,62,,19,,2014-11-30 02:00:00,
450,michigan,basketball,2014-12-02 19:30:00,regular,Syracuse,W,68,65,,17,,2014-12-03 05:30:00,
451,michigan,basketball,2014-12-06 12:00:00,regular,NJIT,L,70,72,,17,,2014-12-06 22:00:00,
452,michigan,basketball,2014-12-09 21:00:00,regular,Eastern Michigan,L,42,45,,-,,2014-12-10 07:00:00,
453,michigan,basketball,2014-12-13 17:15:00,regular,Arizona (3),L,53,80,,-,3.0,2014-12-14 03:15:00,
454,michigan,basketball,2014-12-20 12:00:00,regular,Southern Methodist,L,51,62,,-,,2014-12-20 22:00:00,
455,michigan,basketball,2014-12-22 20:00:00,regular,Coppin State,W,72,56,,-,,2014-12-23 06:00:00,
456,michigan,basketball,2014-12-30 15:00:00,regular,Illinois,W,73,65,OT,-,,2014-12-31 01:00:00,
457,michigan,basketball,2015-01-03 14:15:00,regular,Purdue,L,51,64,,-,,2015-01-04 00:15:00,
458,michigan,basketball,2015-01-06 19:00:00,regular,Penn State,W,73,64,,-,,2015-01-07 05:00:00,
459,michigan,basketball,2015-01-10 13:00:00,regular,Minnesota,W,62,57,,-,,2015-01-10 23:00:00,
460,michigan,basketball,2015-01-13 19:00:00,regular,Ohio State,L,52,71,,-,,2015-01-14 05:00:00,
461,michigan,basketball,2015-01-17 20:15:00,regular,Northwestern,W,56,54,,-,,2015-01-18 06:15:00,
462,michigan,basketball,2015-01-20 18:30:00,regular,Rutgers,W,54,50,,-,,2015-01-21 04:30:00,
463,michigan,basketball,2015-01-24 19:00:00,regular,Wisconsin (6),L,64,69,OT,-,6.0,2015-01-25 05:00:00,
464,michigan,basketball,2015-01-27 19:00:00,regular,Nebraska,W,58,44,,-,,2015-01-28 05:00:00,
465,michigan,basketball,2015-02-01 13:00:00,regular,Michigan State,L,66,76,OT,-,,2015-02-01 23:00:00,
466,michigan,basketball,2015-02-05 19:00:00,regular,Iowa,L,54,72,,-,,2015-02-06 05:00:00,
467,michigan,basketball,2015-02-08 13:00:00,regular,Indiana,L,67,70,,-,,2015-02-08 23:00:00,
468,michigan,basketball,2015-02-12 21:00:00,regular,Illinois,L,52,64,OT,-,,2015-02-13 07:00:00,
469,michigan,basketball,2015-02-17 21:00:00,regular,Michigan State,L,67,80,,-,,2015-02-18 07:00:00,
470,michigan,basketball,2015-02-22 13:00:00,regular,Ohio State (24),W,64,57,,-,24.0,2015-02-22 23:00:00,
471,michigan,basketball,2015-02-28 12:00:00,regular,Maryland (14),L,56,66,,-,14.0,2015-02-28 22:00:00,
472,michigan,basketball,2015-03-03 21:00:00,regular,Northwestern,L,78,82,2OT,-,,2015-03-04 07:00:00,
473,michigan,basketball,2015-03-07 14:15:00,regular,Rutgers,W,79,69,,-,,2015-03-08 00:15:00,
474,michigan,basketball,2015-03-12 12:00:00,CTOURN,Illinois,W,73,55,,-,,2015-03-12 22:00:00,
475,michigan,basketball,2015-03-13 12:00:00,CTOURN,Wisconsin (6),L,60,71,,-,6.0,2015-03-13 22:00:00,
476,michigan,basketball,2015-11-13 19:00:00,regular,Northern Michigan,W,70,44,,25,,2015-11-14 05:00:00,
477,michigan,basketball,2015-11-16 19:00:00,regular,Elon,W,88,68,,24,,2015-11-17 05:00:00,
478,michigan,basketball,2015-11-20 21:00:00,regular,Xavier,L,70,86,,24,,2015-11-21 07:00:00,
479,michigan,basketball,2015-11-25 21:30:00,regular,Connecticut (18),L,60,74,,-,18.0,2015-11-26 07:30:00,
480,michigan,basketball,2015-11-26 21:30:00,regular,Charlotte,W,102,47,,-,,2015-11-27 07:30:00,
481,michigan,basketball,2015-11-27 19:00:00,regular,Texas,W,78,72,,-,,2015-11-28 05:00:00,
482,michigan,basketball,2015-12-01 19:00:00,regular,NC State,W,66,59,,-,,2015-12-02 05:00:00,
483,michigan,basketball,2015-12-05 14:00:00,regular,Houston Baptist,W,82,57,,-,,2015-12-06 00:00:00,
484,michigan,basketball,2015-12-08 21:00:00,regular,Southern Methodist (19),L,58,82,,-,19.0,2015-12-09 07:00:00,
485,michigan,basketball,2015-12-12 12:00:00,regular,Delaware State,W,80,33,,-,,2015-12-12 22:00:00,
486,michigan,basketball,2015-12-15 19:00:00,regular,Northern Kentucky,W,77,62,,-,,2015-12-16 05:00:00,
487,michigan,basketball,2015-12-19 18:00:00,regular,Youngstown State,W,105,46,,-,,2015-12-20 04:00:00,
488,michigan,basketball,2015-12-23 19:00:00,regular,Bryant,W,96,60,,-,,2015-12-24 05:00:00,
489,michigan,basketball,2015-12-30 15:00:00,regular,Illinois,W,78,68,,-,,2015-12-31 01:00:00,
490,michigan,basketball,2016-01-02 12:00:00,regular,Penn State,W,79,56,,-,,2016-01-02 22:00:00,
491,michigan,basketball,2016-01-07 19:00:00,regular,Purdue (20),L,70,87,,-,20.0,2016-01-08 05:00:00,
492,michigan,basketball,2016-01-12 21:00:00,regular,Maryland (3),W,70,67,,-,3.0,2016-01-13 07:00:00,
493,michigan,basketball,2016-01-17 16:30:00,regular,Iowa (16),L,71,82,,-,16.0,2016-01-18 02:30:00,
494,michigan,basketball,2016-01-20 20:30:00,regular,Minnesota,W,74,69,,-,,2016-01-21 06:30:00,
495,michigan,basketball,2016-01-23 14:00:00,regular,Nebraska,W,81,68,,-,,2016-01-24 00:00:00,
496,michigan,basketball,2016-01-27 19:00:00,regular,Rutgers,W,68,57,,-,,2016-01-28 05:00:00,
497,michigan,basketball,2016-01-30 12:00:00,regular,Penn State,W,79,72,,-,,2016-01-30 22:00:00,
498,michigan,basketball,2016-02-02 21:00:00,regular,Indiana (22),L,67,80,,-,22.0,2016-02-03 07:00:00,
499,michigan,basketball,2016-02-06 14:00:00,regular,Michigan State (10),L,73,89,,-,10.0,2016-02-07 00:00:00,
500,michigan,basketball,2016-02-10 21:00:00,regular,Minnesota,W,82,74,,-,,2016-02-11 07:00:00,
501,michigan,basketball,2016-02-13 14:00:00,regular,Purdue (18),W,61,56,,-,18.0,2016-02-14 00:00:00,
502,michigan,basketball,2016-02-16 19:00:00,regular,Ohio State,L,66,76,,-,,2016-02-17 05:00:00,
503,michigan,basketball,2016-02-21 13:00:00,regular,Maryland (6),L,82,86,,-,6.0,2016-02-21 23:00:00,
504,michigan,basketball,2016-02-24 19:00:00,regular,Northwestern,W,72,63,,-,,2016-02-25 05:00:00,
505,michigan,basketball,2016-02-28 18:00:00,regular,Wisconsin,L,57,68,,-,,2016-02-29 04:00:00,
506,michigan,basketball,2016-03-05 20:00:00,regular,Iowa (16),L,61,71,,-,16.0,2016-03-06 06:00:00,
507,michigan,basketball,2016-03-10 12:00:00,CTOURN,Northwestern,W,72,70,OT,-,,2016-03-10 22:00:00,
508,michigan,basketball,2016-03-11 12:00:00,CTOURN,Indiana (10),W,72,69,,-,10.0,2016-03-11 22:00:00,
509,michigan,basketball,2016-03-12 13:00:00,CTOURN,Purdue (13),L,59,76,,-,13.0,2016-03-12 23:00:00,
510,michigan,basketball,2016-03-16 21:10:00,NCAA,Tulsa,W,67,62,,,,2016-03-17 07:10:00,
511,michigan,basketball,2016-03-18 22:12:00,NCAA,Notre Dame,L,63,70,,,,2016-03-19 08:12:00,
512,michigan,basketball,2016-11-11 21:00:00,regular,Howard,W,76,58,,-,,2016-11-12 07:00:00,
513,michigan,basketball,2016-11-13 12:00:00,regular,IUPUI,W,77,65,,-,,2016-11-13 22:00:00,
514,michigan,basketball,2016-11-17 21:30:00,regular,Marquette,W,79,61,,-,,2016-11-18 07:30:00,
515,michigan,basketball,2016-11-18 19:00:00,regular,Southern Methodist,W,76,54,,-,,2016-11-19 05:00:00,
516,michigan,basketball,2016-11-23 17:00:00,regular,South Carolina,L,46,61,,25,,2016-11-24 03:00:00,
517,michigan,basketball,2016-11-26 19:00:00,regular,Mount St. Mary's,W,64,47,,25,,2016-11-27 05:00:00,
518,michigan,basketball,2016-11-30 19:15:00,regular,Virginia Tech,L,70,73,,-,,2016-12-01 05:15:00,
519,michigan,basketball,2016-12-03 13:00:00,regular,Kennesaw State,W,82,55,,-,,2016-12-03 23:00:00,
520,michigan,basketball,2016-12-06 21:00:00,regular,Texas,W,53,50,,-,,2016-12-07 07:00:00,
521,michigan,basketball,2016-12-10 20:00:00,regular,UCLA (2),L,84,102,,-,2.0,2016-12-11 06:00:00,
522,michigan,basketball,2016-12-13 21:00:00,regular,Central Arkansas,W,97,53,,-,,2016-12-14 07:00:00,
523,michigan,basketball,2016-12-17 15:00:00,regular,Maryland-Eastern Shore,W,98,49,,-,,2016-12-18 01:00:00,
524,michigan,basketball,2016-12-22 19:00:00,regular,Furman,W,68,62,,-,,2016-12-23 05:00:00,
525,michigan,basketball,2017-01-01 14:15:00,regular,Iowa,L,83,86,OT,-,,2017-01-02 00:15:00,
526,michigan,basketball,2017-01-04 20:30:00,regular,Penn State,W,72,69,,-,,2017-01-05 06:30:00,
527,michigan,basketball,2017-01-07 15:15:00,regular,Maryland,L,70,77,,-,,2017-01-08 01:15:00,
528,michigan,basketball,2017-01-11 21:00:00,regular,Illinois,L,69,85,,-,,2017-01-12 07:00:00,
529,michigan,basketball,2017-01-14 14:00:00,regular,Nebraska,W,91,85,,-,,2017-01-15 00:00:00,
530,michigan,basketball,2017-01-17 21:00:00,regular,Wisconsin (17),L,64,68,,-,17.0,2017-01-18 07:00:00,
531,michigan,basketball,2017-01-21 14:15:00,regular,Illinois,W,66,57,,-,,2017-01-22 00:15:00,
532,michigan,basketball,2017-01-26 21:00:00,regular,Indiana,W,90,60,,-,,2017-01-27 07:00:00,
533,michigan,basketball,2017-01-29 13:00:00,regular,Michigan State,L,62,70,,-,,2017-01-29 23:00:00,
534,michigan,basketball,2017-02-04 18:00:00,regular,Ohio State,L,66,70,,-,,2017-02-05 04:00:00,
535,michigan,basketball,2017-02-07 21:00:00,regular,Michigan State,W,86,57,,-,,2017-02-08 07:00:00,
536,michigan,basketball,2017-02-12 13:00:00,regular,Indiana,W,75,63,,-,,2017-02-12 23:00:00,
537,michigan,basketball,2017-02-16 19:00:00,regular,Wisconsin (11),W,64,58,,-,11.0,2017-02-17 05:00:00,
538,michigan,basketball,2017-02-19 19:00:00,regular,Minnesota,L,78,83,OT,-,,2017-02-20 05:00:00,
539,michigan,basketball,2017-02-22 18:30:00,regular,Rutgers,W,68,64,,-,,2017-02-23 04:30:00,
540,michigan,basketball,2017-02-25 16:00:00,regular,Purdue (14),W,82,70,,-,14.0,2017-02-26 02:00:00,
541,michigan,basketball,2017-03-01 19:00:00,regular,Northwestern,L,65,67,,-,,2017-03-02 05:00:00,
542,michigan,basketball,2017-03-05 20:00:00,regular,Nebraska,W,93,57,,-,,2017-03-06 06:00:00,
543,michigan,basketball,2017-03-09 12:00:00,CTOURN,Illinois,W,75,55,,-,,2017-03-09 22:00:00,
544,michigan,basketball,2017-03-10 12:00:00,CTOURN,Purdue (13),W,74,70,OT,-,13.0,2017-03-10 22:00:00,
545,michigan,basketball,2017-03-11 13:00:00,CTOURN,Minnesota,W,84,77,,-,,2017-03-11 23:00:00,
546,michigan,basketball,2017-03-12 15:00:00,CTOURN,Wisconsin (24),W,71,56,,-,24.0,2017-03-13 01:00:00,
547,michigan,basketball,2017-03-17 12:15:00,NCAA,Oklahoma State,W,92,91,,,,2017-03-17 22:15:00,
548,michigan,basketball,2017-03-19 12:10:00,NCAA,Louisville (10),W,73,69,,,10.0,2017-03-19 22:10:00,
549,michigan,basketball,2017-03-23 19:09:00,NCAA,Oregon (9),L,68,69,,,9.0,2017-03-24 05:09:00,
550,michigan,basketball,2017-11-11 19:30:00,regular,North Florida,W,86,66,,-,,2017-11-12 05:30:00,
551,michigan,basketball,2017-11-13 19:00:00,regular,Central Michigan,W,72,65,,-,,2017-11-14 05:00:00,
552,michigan,basketball,2017-11-16 19:00:00,regular,Southern Mississippi,W,61,47,,-,,2017-11-17 05:00:00,
553,michigan,basketball,2017-11-20 23:00:00,regular,Louisiana State,L,75,77,,-,,2017-11-21 09:00:00,
554,michigan,basketball,2017-11-21 20:00:00,regular,Chaminade,W,102,64,,-,,2017-11-22 06:00:00,
555,michigan,basketball,2017-11-22 17:00:00,regular,Virginia Commonwealth,W,68,60,,-,,2017-11-23 03:00:00,
556,michigan,basketball,2017-11-26 16:00:00,regular,UC Riverside,W,87,42,,-,,2017-11-27 02:00:00,
557,michigan,basketball,2017-11-29 19:30:00,regular,North Carolina (13),L,71,86,,-,13.0,2017-11-30 05:30:00,
558,michigan,basketball,2017-12-02 12:30:00,regular,Indiana,W,69,55,,-,,2017-12-02 22:30:00,
559,michigan,basketball,2017-12-04 18:30:00,regular,Ohio State,L,62,71,,-,,2017-12-05 04:30:00,
560,michigan,basketball,2017-12-09 12:00:00,regular,UCLA,W,78,69,OT,-,,2017-12-09 22:00:00,
561,michigan,basketball,2017-12-12 21:00:00,regular,Texas,W,59,52,,-,,2017-12-13 07:00:00,
562,michigan,basketball,2017-12-16 12:00:00,regular,Detroit Mercy,W,90,58,,-,,2017-12-16 22:00:00,
563,michigan,basketball,2017-12-21 21:00:00,regular,Alabama A&M,W,97,47,,-,,2017-12-22 07:00:00,
564,michigan,basketball,2017-12-30 18:00:00,regular,Jacksonville,W,76,51,,-,,2017-12-31 04:00:00,
565,michigan,basketball,2018-01-02 19:00:00,regular,Iowa,W,75,68,,-,,2018-01-03 05:00:00,
566,michigan,basketball,2018-01-06 12:00:00,regular,Illinois,W,79,69,,-,,2018-01-06 22:00:00,
567,michigan,basketball,2018-01-09 21:00:00,regular,Purdue (5),L,69,70,,-,5.0,2018-01-10 07:00:00,
568,michigan,basketball,2018-01-13 12:00:00,regular,Michigan State (4),W,82,72,,-,4.0,2018-01-13 22:00:00,
569,michigan,basketball,2018-01-15 18:30:00,regular,Maryland,W,68,67,,23,,2018-01-16 04:30:00,
570,michigan,basketball,2018-01-18 21:00:00,regular,Nebraska,L,52,72,,23,,2018-01-19 07:00:00,
571,michigan,basketball,2018-01-21 12:00:00,regular,Rutgers,W,62,47,,23,,2018-01-21 22:00:00,
572,michigan,basketball,2018-01-25 19:00:00,regular,Purdue (3),L,88,92,,25,3.0,2018-01-26 05:00:00,
573,michigan,basketball,2018-01-29 19:00:00,regular,Northwestern,W,58,47,,24,,2018-01-30 05:00:00,
574,michigan,basketball,2018-02-03 14:30:00,regular,Minnesota,W,76,73,OT,24,,2018-02-04 00:30:00,
575,michigan,basketball,2018-02-06 19:00:00,regular,Northwestern,L,52,61,,20,,2018-02-07 05:00:00,
576,michigan,basketball,2018-02-11 13:00:00,regular,Wisconsin,W,83,72,,20,,2018-02-11 23:00:00,
577,michigan,basketball,2018-02-14 18:30:00,regular,Iowa,W,74,59,,22,,2018-02-15 04:30:00,
578,michigan,basketball,2018-02-18 13:00:00,regular,Ohio State (8),W,74,62,,22,8.0,2018-02-18 23:00:00,
579,michigan,basketball,2018-02-21 19:00:00,regular,Penn State,W,72,63,,17,,2018-02-22 05:00:00,
580,michigan,basketball,2018-02-24 12:00:00,regular,Maryland,W,85,61,,17,,2018-02-24 22:00:00,
581,michigan,basketball,2018-03-01 14:25:00,CTOURN,Iowa,W,77,71,OT,15,,2018-03-02 00:25:00,
582,michigan,basketball,2018-03-02 14:30:00,CTOURN,Nebraska,W,77,58,,15,,2018-03-03 00:30:00,
583,michigan,basketball,2018-03-03 14:00:00,CTOURN,Michigan State (2),W,75,64,,15,2.0,2018-03-04 00:00:00,
584,michigan,basketball,2018-03-04 16:30:00,CTOURN,Purdue (8),W,75,66,,15,8.0,2018-03-05 02:30:00,
585,michigan,basketball,2018-03-15 21:50:00,NCAA,Montana,W,61,47,,,,2018-03-16 07:50:00,
586,michigan,basketball,2018-03-17 21:40:00,NCAA,Houston (21),W,64,63,,,21.0,2018-03-18 07:40:00,
587,michigan,basketball,2018-03-22 19:37:00,NCAA,Texas A&M,W,99,72,,,,2018-03-23 05:37:00,
588,michigan,basketball,2018-03-24 20:49:00,NCAA,Florida State,W,58,54,,,,2018-03-25 06:49:00,
589,michigan,basketball,2018-03-31 18:09:00,NCAA,Loyola (IL),W,69,57,,,,2018-04-01 04:09:00,
590,michigan,basketball,2018-04-02 21:20:00,NCAA,Villanova (2),L,62,79,,,2.0,2018-04-03 07:20:00,
591,michigan,basketball,2018-11-06 20:30:00,regular,Norfolk State,W,63,44,,19,,2018-11-07 06:30:00,
592,michigan,basketball,2018-11-10 19:30:00,regular,Holy Cross,W,56,37,,19,,2018-11-11 05:30:00,
593,michigan,basketball,2018-11-14 18:30:00,regular,Villanova (8),W,73,46,,18,8.0,2018-11-15 04:30:00,
594,michigan,basketball,2018-11-17 12:00:00,regular,George Washington,W,84,61,,18,,2018-11-17 22:00:00,
595,michigan,basketball,2018-11-18 13:30:00,regular,Providence,W,66,47,,18,,2018-11-18 23:30:00,
596,michigan,basketball,2018-11-23 16:00:00,regular,Chattanooga,W,83,55,,9,,2018-11-24 02:00:00,
597,michigan,basketball,2018-11-28 21:30:00,regular,North Carolina (11),W,84,67,,7,11.0,2018-11-29 07:30:00,
598,michigan,basketball,2018-12-01 15:30:00,regular,Purdue (19),W,76,57,,7,19.0,2018-12-02 01:30:00,
599,michigan,basketball,2018-12-04 21:00:00,regular,Northwestern,W,62,60,,5,,2018-12-05 07:00:00,
600,michigan,basketball,2018-12-08 12:00:00,regular,South Carolina,W,89,78,,5,,2018-12-08 22:00:00,
601,michigan,basketball,2018-12-15 14:00:00,regular,Western Michigan,W,70,62,,5,,2018-12-16 00:00:00,
602,michigan,basketball,2018-12-22 16:00:00,regular,Air Force,W,71,50,,4,,2018-12-23 02:00:00,
603,michigan,basketball,2018-12-30 12:00:00,regular,Binghamton,W,74,52,,2,,2018-12-30 22:00:00,
604,michigan,basketball,2019-01-03 19:00:00,regular,Penn State,W,68,55,,2,,2019-01-04 05:00:00,
605,michigan,basketball,2019-01-06 16:30:00,regular,Indiana (21),W,74,63,,2,21.0,2019-01-07 02:30:00,
606,michigan,basketball,2019-01-10 20:00:00,regular,Illinois,W,79,69,,2,,2019-01-11 06:00:00,
607,michigan,basketball,2019-01-13 19:30:00,regular,Northwestern,W,80,60,,2,,2019-01-14 05:30:00,
608,michigan,basketball,2019-01-19 12:00:00,regular,Wisconsin,L,54,64,,2,,2019-01-19 22:00:00,
609,michigan,basketball,2019-01-22 19:00:00,regular,Minnesota,W,59,57,,5,,2019-01-23 05:00:00,
610,michigan,basketball,2019-01-25 18:30:00,regular,Indiana,W,69,46,,5,,2019-01-26 04:30:00,
611,michigan,basketball,2019-01-29 21:00:00,regular,Ohio State,W,65,49,,5,,2019-01-30 07:00:00,
612,michigan,basketball,2019-02-01 19:00:00,regular,Iowa,L,59,74,,5,,2019-02-02 05:00:00,
613,michigan,basketball,2019-02-05 20:00:00,regular,Rutgers,W,77,65,,7,,2019-02-06 06:00:00,
614,michigan,basketball,2019-02-09 12:00:00,regular,Wisconsin (19),W,61,52,,7,19.0,2019-02-09 22:00:00,
615,michigan,basketball,2019-02-12 20:30:00,regular,Penn State,L,69,75,,6,,2019-02-13 06:30:00,
616,michigan,basketball,2019-02-16 12:00:00,regular,Maryland (24),W,65,52,,6,24.0,2019-02-16 22:00:00,
617,michigan,basketball,2019-02-21 19:00:00,regular,Minnesota,W,69,60,,7,,2019-02-22 05:00:00,
618,michigan,basketball,2019-02-24 15:45:00,regular,Michigan State (10),L,70,77,,7,10.0,2019-02-25 01:45:00,
619,michigan,basketball,2019-02-28 19:00:00,regular,Nebraska,W,82,53,,9,,2019-03-01 05:00:00,
620,michigan,basketball,2019-03-03 15:45:00,regular,Maryland (17),W,69,62,,9,17.0,2019-03-04 01:45:00,
621,michigan,basketball,2019-03-09 20:00:00,regular,Michigan State (9),L,63,75,,7,9.0,2019-03-10 06:00:00,
622,michigan,basketball,2019-03-15 21:25:00,CTOURN,Iowa,W,74,53,,10,,2019-03-16 07:25:00,
623,michigan,basketball,2019-03-16 15:30:00,CTOURN,Minnesota,W,76,49,,10,,2019-03-17 01:30:00,
624,michigan,basketball,2019-03-17 15:30:00,CTOURN,Michigan State (6),L,60,65,,10,6.0,2019-03-18 01:30:00,
625,michigan,basketball,2019-03-21 21:20:00,NCAA,Montana,W,74,55,,,,2019-03-22 07:20:00,
626,michigan,basketball,2019-03-23 17:15:00,NCAA,Florida,W,64,49,,,,2019-03-24 03:15:00,
627,michigan,basketball,2019-03-28 21:39:00,NCAA,Texas Tech (9),L,44,63,,,9.0,2019-03-29 07:39:00,
628,michigan state,basketball,,regular,Florida Gulf Coast,W,97,58,,2,,,
629,michigan state,basketball,,regular,Gonzaga,W,75,71,,2,,,
630,michigan state,basketball,,regular,Toledo,W,75,62,,2,,,
631,michigan state,basketball,,regular,Valparaiso,W,90,60,,2,,,
632,michigan state,basketball,,regular,Florida,L,74,77,,2,,,
633,michigan state,basketball,,regular,Massachusetts,W,106,68,,2,,,
634,michigan state,basketball,,regular,North Carolina (10),L,82,89,,9,10.0,,
635,michigan state,basketball,,regular,Wofford,W,72,60,,9,,,
636,michigan state,basketball,,regular,The Citadel,W,69,56,,12,,,
637,michigan state,basketball,,regular,Oakland,W,88,57,,12,,,
638,michigan state,basketball,,regular,Purdue-Fort Wayne,W,80,58,,12,,,
639,michigan state,basketball,,regular,Texas (2),L,68,79,,9,2.0,,
640,michigan state,basketball,,regular,UT Arlington,W,87,68,,11,,,
641,michigan state,basketball,,regular,Northwestern (25),W,91,70,,11,25.0,,
642,michigan state,basketball,,regular,Wisconsin (17),W,54,47,,10,17.0,,
643,michigan state,basketball,,regular,Iowa,W,71,53,,10,,,
644,michigan state,basketball,,regular,Minnesota,W,60,53,,7,,,
645,michigan state,basketball,,regular,Illinois,W,73,63,,7,,,
646,michigan state,basketball,,regular,Iowa,W,70,63,,6,,,
647,michigan state,basketball,,regular,Minnesota,W,65,64,,6,,,
648,michigan state,basketball,,regular,Michigan,W,57,56,,5,,,
649,michigan state,basketball,,regular,Northwestern,W,79,70,,5,,,
650,michigan state,basketball,,regular,Wisconsin (16),L,49,67,,5,16.0,,
651,michigan state,basketball,,regular,Illinois,L,73,78,,5,,,
652,michigan state,basketball,,regular,Purdue (6),L,64,76,,10,6.0,,
653,michigan state,basketball,,regular,Penn State,W,65,54,,10,,,
654,michigan state,basketball,,regular,Indiana,W,72,58,,11,,,
655,michigan state,basketball,,regular,Ohio State (9),L,67,74,,11,9.0,,
656,michigan state,basketball,,regular,Purdue (3),W,53,44,,14,3.0,,
657,michigan state,basketball,,regular,Penn State,W,67,65,,11,,,
658,michigan state,basketball,,regular,Michigan,W,64,48,,11,,,
659,michigan state,basketball,,CTOURN,Minnesota,L,67,72,OT,11,,,
660,michigan state,basketball,,NCAA,New Mexico State,W,70,67,,,,,
661,michigan state,basketball,,NCAA,Maryland (20),W,85,83,,,20.0,,
662,michigan state,basketball,,NCAA,Northern Iowa,W,59,52,,,,,
663,michigan state,basketball,,NCAA,Tennessee (15),W,70,69,,,15.0,,
664,michigan state,basketball,,NCAA,Butler (11),L,50,52,,,11.0,,
665,michigan state,basketball,,regular,Eastern Michigan,W,96,66,,2,,,
666,michigan state,basketball,,regular,South Carolina,W,82,73,,2,,,
667,michigan state,basketball,,regular,Chaminade,W,82,74,,2,,,
668,michigan state,basketball,,regular,Connecticut,L,67,70,,2,,,
669,michigan state,basketball,,regular,Washington (13),W,76,71,,2,13.0,,
670,michigan state,basketball,,regular,Tennessee Tech,W,73,55,,2,,,
671,michigan state,basketball,,regular,Duke (1),L,79,84,,6,1.0,,
672,michigan state,basketball,,regular,Bowling Green State,W,74,39,,6,,,
673,michigan state,basketball,,regular,Syracuse (8),L,58,72,,7,8.0,,
674,michigan state,basketball,,regular,Oakland,W,77,76,,7,,,
675,michigan state,basketball,,regular,Prairie View,W,90,51,,14,,,
676,michigan state,basketball,,regular,Texas (18),L,55,67,,12,18.0,,
677,michigan state,basketball,,regular,Minnesota (14),W,71,62,,20,14.0,,
678,michigan state,basketball,,regular,Northwestern,W,65,62,,18,,,
679,michigan state,basketball,,regular,Penn State,L,62,66,,18,,,
680,michigan state,basketball,,regular,Wisconsin (20),W,64,61,OT,-,20.0,,
681,michigan state,basketball,,regular,Northwestern,W,71,67,OT,-,,,
682,michigan state,basketball,,regular,Illinois (23),L,62,71,,17,23.0,,
683,michigan state,basketball,,regular,Purdue (14),L,76,86,,17,14.0,,
684,michigan state,basketball,,regular,Michigan,L,57,61,,25,,,
685,michigan state,basketball,,regular,Indiana,W,84,83,OT,25,,,
686,michigan state,basketball,,regular,Iowa,L,52,72,,-,,,
687,michigan state,basketball,,regular,Wisconsin (19),L,56,82,,-,19.0,,
688,michigan state,basketball,,regular,Penn State,W,75,57,,-,,,
689,michigan state,basketball,,regular,Ohio State (2),L,61,71,,-,2.0,,
690,michigan state,basketball,,regular,Illinois,W,61,57,,-,,,
691,michigan state,basketball,,regular,Minnesota,W,53,48,,-,,,
692,michigan state,basketball,,regular,Purdue (8),L,47,67,,-,8.0,,
693,michigan state,basketball,,regular,Iowa,W,85,66,,-,,,
694,michigan state,basketball,,regular,Michigan,L,63,70,,-,,,
695,michigan state,basketball,,CTOURN,Iowa,W,66,61,,-,,,
696,michigan state,basketball,,CTOURN,Purdue (9),W,74,56,,-,9.0,,
697,michigan state,basketball,,CTOURN,Penn State,L,48,61,,-,,,
698,michigan state,basketball,,NCAA,UCLA,L,76,78,,,,,
699,michigan state,basketball,,regular,North Carolina (1),L,55,67,,-,1.0,,
700,michigan state,basketball,,regular,Duke (6),L,69,74,,-,6.0,,
701,michigan state,basketball,,regular,Texas Southern,W,76,41,,-,,,
702,michigan state,basketball,,regular,Little Rock,W,69,47,,-,,,
703,michigan state,basketball,,regular,Milwaukee,W,68,55,,-,,,
704,michigan state,basketball,,regular,Eastern Michigan,W,72,40,,-,,,
705,michigan state,basketball,,regular,Florida State,W,65,49,,-,,,
706,michigan state,basketball,,regular,Omaha,W,110,68,,-,,,
707,michigan state,basketball,,regular,Central Connecticut State,W,89,69,,-,,,
708,michigan state,basketball,,regular,Gonzaga (23),W,74,67,,-,23.0,,
709,michigan state,basketball,,regular,Bowling Green State,W,74,60,,21,,,
710,michigan state,basketball,,regular,Kansas City,W,89,54,,19,,,
711,michigan state,basketball,,regular,Lehigh,W,90,81,,19,,,
712,michigan state,basketball,,regular,Indiana (13),W,80,65,,16,13.0,,
713,michigan state,basketball,,regular,Nebraska,W,68,55,,16,,,
714,michigan state,basketball,,regular,Wisconsin (18),W,63,60,OT,10,18.0,,
715,michigan state,basketball,,regular,Iowa,W,95,61,,6,,,
716,michigan state,basketball,,regular,Northwestern,L,74,81,,6,,,
717,michigan state,basketball,,regular,Michigan (20),L,59,60,,9,20.0,,
718,michigan state,basketball,,regular,Purdue,W,83,58,,9,,,
719,michigan state,basketball,,regular,Minnesota,W,68,52,,10,,,
720,michigan state,basketball,,regular,Illinois,L,41,42,,9,,,
721,michigan state,basketball,,regular,Michigan (23),W,64,54,,9,23.0,,
722,michigan state,basketball,,regular,Penn State,W,77,57,,11,,,
723,michigan state,basketball,,regular,Ohio State (3),W,58,48,,11,3.0,,
724,michigan state,basketball,,regular,Wisconsin (15),W,69,55,,7,15.0,,
725,michigan state,basketball,,regular,Purdue,W,76,62,,7,,,
726,michigan state,basketball,,regular,Minnesota,W,66,61,,6,,,
727,michigan state,basketball,,regular,Nebraska,W,62,34,,6,,,
728,michigan state,basketball,,regular,Indiana (18),L,55,70,,5,18.0,,
729,michigan state,basketball,,regular,Ohio State (10),L,70,72,,5,10.0,,
730,michigan state,basketball,,CTOURN,Iowa,W,92,75,,8,,,
731,michigan state,basketball,,CTOURN,Wisconsin (14),W,65,52,,8,14.0,,
732,michigan state,basketball,,CTOURN,Ohio State (7),W,68,64,,8,7.0,,
733,michigan state,basketball,,NCAA,Long Island University,W,89,67,,,,,
734,michigan state,basketball,,NCAA,Saint Louis,W,65,61,,,,,
735,michigan state,basketball,,NCAA,Louisville (17),L,44,57,,,17.0,,
736,michigan state,basketball,,regular,Connecticut,L,62,66,,14,,,
737,michigan state,basketball,,regular,Kansas (7),W,67,64,,21,7.0,,
738,michigan state,basketball,,regular,Texas Southern,W,69,41,,21,,,
739,michigan state,basketball,,regular,Boise State,W,74,70,,15,,,
740,michigan state,basketball,,regular,Oakland,W,70,52,,15,,,
741,michigan state,basketball,,regular,Louisiana,W,63,60,,15,,,
742,michigan state,basketball,,regular,Miami (FL),L,59,67,,13,,,
743,michigan state,basketball,,regular,Nicholls State,W,84,39,,13,,,
744,michigan state,basketball,,regular,Arkansas-Pine Bluff,W,76,44,,19,,,
745,michigan state,basketball,,regular,Loyola (IL),W,73,61,,19,,,
746,michigan state,basketball,,regular,Tuskegee,W,92,56,,19,,,
747,michigan state,basketball,,regular,Bowling Green State,W,64,53,,20,,,
748,michigan state,basketball,,regular,Texas,W,67,56,,20,,,
749,michigan state,basketball,,regular,Minnesota (9),L,63,76,,18,9.0,,
750,michigan state,basketball,,regular,Purdue,W,84,61,,18,,,
751,michigan state,basketball,,regular,Iowa,W,62,59,,22,,,
752,michigan state,basketball,,regular,Nebraska,W,66,56,,22,,,
753,michigan state,basketball,,regular,Penn State,W,81,72,,18,,,
754,michigan state,basketball,,regular,Ohio State (11),W,59,56,,18,11.0,,
755,michigan state,basketball,,regular,Wisconsin,W,49,47,,13,,,
756,michigan state,basketball,,regular,Indiana (7),L,70,75,,13,7.0,,
757,michigan state,basketball,,regular,Illinois,W,80,75,,13,,,
758,michigan state,basketball,,regular,Minnesota (18),W,61,50,,12,18.0,,
759,michigan state,basketball,,regular,Purdue,W,78,65,,12,,,
760,michigan state,basketball,,regular,Michigan (4),W,75,52,,8,4.0,,
761,michigan state,basketball,,regular,Nebraska,W,73,64,,8,,,
762,michigan state,basketball,,regular,Indiana (1),L,68,72,,4,1.0,,
763,michigan state,basketball,,regular,Ohio State (18),L,60,68,,4,18.0,,
764,michigan state,basketball,,regular,Michigan (4),L,57,58,,9,4.0,,
765,michigan state,basketball,,regular,Wisconsin (22),W,58,43,,10,22.0,,
766,michigan state,basketball,,regular,Northwestern,W,71,61,,10,,,
767,michigan state,basketball,,CTOURN,Iowa,W,59,56,,8,,,
768,michigan state,basketball,,CTOURN,Ohio State (10),L,58,61,,8,10.0,,
769,michigan state,basketball,,NCAA,Valparaiso,W,65,54,,,,,
770,michigan state,basketball,,NCAA,Memphis (19),W,70,48,,,19.0,,
771,michigan state,basketball,,NCAA,Duke (6),L,61,71,,,6.0,,
772,michigan state,basketball,,regular,McNeese State,W,98,56,,2,,,
773,michigan state,basketball,,regular,Kentucky (1),W,78,74,,2,1.0,,
774,michigan state,basketball,,regular,Columbia,W,62,53,,2,,,
775,michigan state,basketball,,regular,Portland,W,82,67,,1,,,
776,michigan state,basketball,,regular,Virginia Tech,W,96,77,,1,,,
777,michigan state,basketball,,regular,Oklahoma,W,87,76,,1,,,
778,michigan state,basketball,,regular,Mount St. Mary's,W,98,65,,1,,,
779,michigan state,basketball,,regular,North Carolina,L,65,79,,1,,,
780,michigan state,basketball,,regular,Oakland,W,67,63,,5,,,
781,michigan state,basketball,,regular,North Florida,W,78,48,,5,,,
782,michigan state,basketball,,regular,Texas,W,92,78,,5,,,
783,michigan state,basketball,,regular,New Orleans,W,101,48,,5,,,
784,michigan state,basketball,,regular,Penn State,W,79,63,,5,,,
785,michigan state,basketball,,regular,Indiana,W,73,56,,5,,,
786,michigan state,basketball,,regular,Ohio State (3),W,72,68,OT,5,3.0,,
787,michigan state,basketball,,regular,Minnesota,W,87,75,OT,5,,,
788,michigan state,basketball,,regular,Northwestern,W,54,40,,4,,,
789,michigan state,basketball,,regular,Illinois,W,78,62,,4,,,
790,michigan state,basketball,,regular,Indiana,W,71,66,,3,,,
791,michigan state,basketball,,regular,Michigan (21),L,75,80,,3,21.0,,
792,michigan state,basketball,,regular,Iowa (15),W,71,69,OT,7,15.0,,
793,michigan state,basketball,,regular,Georgetown,L,60,64,,7,,,
794,michigan state,basketball,,regular,Penn State,W,82,67,,9,,,
795,michigan state,basketball,,regular,Wisconsin,L,58,60,,9,,,
796,michigan state,basketball,,regular,Northwestern,W,85,70,,9,,,
797,michigan state,basketball,,regular,Nebraska,L,51,60,,9,,,
798,michigan state,basketball,,regular,Purdue,W,94,79,,13,,,
799,michigan state,basketball,,regular,Michigan (20),L,70,79,,13,20.0,,
800,michigan state,basketball,,regular,Illinois,L,46,53,,18,,,
801,michigan state,basketball,,regular,Iowa (24),W,86,76,,22,24.0,,
802,michigan state,basketball,,regular,Ohio State,L,67,69,,22,,,
803,michigan state,basketball,,CTOURN,Northwestern,W,67,51,,22,,,
804,michigan state,basketball,,CTOURN,Wisconsin (12),W,83,75,,22,12.0,,
805,michigan state,basketball,,CTOURN,Michigan (8),W,69,55,,22,8.0,,
806,michigan state,basketball,,NCAA,Delaware,W,93,78,,,,,
807,michigan state,basketball,,NCAA,Harvard,W,80,73,,,,,
808,michigan state,basketball,,NCAA,Virginia (3),W,61,59,,,3.0,,
809,michigan state,basketball,,NCAA,Connecticut (18),L,54,60,,,18.0,,
810,michigan state,basketball,2014-11-14 21:40:00,regular,Navy,W,64,59,,18,,2014-11-15 07:40:00,
811,michigan state,basketball,2014-11-18 19:00:00,regular,Duke (4),L,71,81,,19,4.0,2014-11-19 05:00:00,
812,michigan state,basketball,2014-11-21 19:00:00,regular,Loyola (IL),W,87,52,,19,,2014-11-22 05:00:00,
813,michigan state,basketball,2014-11-24 19:00:00,regular,Santa Clara,W,79,52,,20,,2014-11-25 05:00:00,
814,michigan state,basketball,2014-11-27 18:35:00,regular,Rider,W,77,45,,20,,2014-11-28 04:35:00,
815,michigan state,basketball,2014-11-28 21:00:00,regular,Marquette,W,79,68,,20,,2014-11-29 07:00:00,
816,michigan state,basketball,2014-11-30 13:00:00,regular,Kansas (11),L,56,61,,20,11.0,2014-11-30 23:00:00,
817,michigan state,basketball,2014-12-03 19:15:00,regular,Notre Dame,L,78,79,OT,19,,2014-12-04 05:15:00,
818,michigan state,basketball,2014-12-06 14:15:00,regular,Arkansas-Pine Bluff,W,85,52,,19,,2014-12-07 00:15:00,
819,michigan state,basketball,2014-12-14 20:00:00,regular,Oakland,W,87,61,,-,,2014-12-15 06:00:00,
820,michigan state,basketball,2014-12-17 21:00:00,regular,Eastern Michigan,W,66,46,,25,,2014-12-18 07:00:00,
821,michigan state,basketball,2014-12-20 17:00:00,regular,Texas Southern,L,64,71,OT,25,,2014-12-21 03:00:00,
822,michigan state,basketball,2014-12-22 18:00:00,regular,The Citadel,W,82,56,,-,,2014-12-23 04:00:00,
823,michigan state,basketball,2014-12-30 17:00:00,regular,Maryland (12),L,66,68,2OT,-,12.0,2014-12-31 03:00:00,
824,michigan state,basketball,2015-01-05 19:00:00,regular,Indiana,W,70,50,,-,,2015-01-06 05:00:00,
825,michigan state,basketball,2015-01-08 19:00:00,regular,Iowa,W,75,61,,-,,2015-01-09 05:00:00,
826,michigan state,basketball,2015-01-11 12:00:00,regular,Northwestern,W,84,77,OT,-,,2015-01-11 22:00:00,
827,michigan state,basketball,2015-01-17 16:00:00,regular,Maryland (14),L,59,75,,-,14.0,2015-01-18 02:00:00,
828,michigan state,basketball,2015-01-21 19:00:00,regular,Penn State,W,66,60,,-,,2015-01-22 05:00:00,
829,michigan state,basketball,2015-01-24 16:00:00,regular,Nebraska,L,77,79,,-,,2015-01-25 02:00:00,
830,michigan state,basketball,2015-01-29 18:00:00,regular,Rutgers,W,71,51,,-,,2015-01-30 04:00:00,
831,michigan state,basketball,2015-02-01 13:00:00,regular,Michigan,W,76,66,OT,-,,2015-02-01 23:00:00,
832,michigan state,basketball,2015-02-07 12:00:00,regular,Illinois,L,54,59,,-,,2015-02-07 22:00:00,
833,michigan state,basketball,2015-02-10 19:00:00,regular,Northwestern,W,68,44,,-,,2015-02-11 05:00:00,
834,michigan state,basketball,2015-02-14 12:00:00,regular,Ohio State (23),W,59,56,,-,23.0,2015-02-14 22:00:00,
835,michigan state,basketball,2015-02-17 21:00:00,regular,Michigan,W,80,67,,-,,2015-02-18 07:00:00,
836,michigan state,basketball,2015-02-22 19:30:00,regular,Illinois,W,60,53,,-,,2015-02-23 05:30:00,
837,michigan state,basketball,2015-02-26 19:00:00,regular,Minnesota,L,90,96,OT,-,,2015-02-27 05:00:00,
838,michigan state,basketball,2015-03-01 16:00:00,regular,Wisconsin (5),L,61,68,,-,5.0,2015-03-02 02:00:00,
839,michigan state,basketball,2015-03-04 20:00:00,regular,Purdue,W,72,66,,-,,2015-03-05 06:00:00,
840,michigan state,basketball,2015-03-07 12:00:00,regular,Indiana,W,74,72,,-,,2015-03-07 22:00:00,
841,michigan state,basketball,2015-03-13 21:15:00,CTOURN,Ohio State,W,76,67,,-,,2015-03-14 07:15:00,
842,michigan state,basketball,2015-03-14 15:25:00,CTOURN,Maryland (8),W,62,58,,-,8.0,2015-03-15 01:25:00,
843,michigan state,basketball,2015-03-15 15:30:00,CTOURN,Wisconsin (6),L,69,80,OT,-,6.0,2015-03-16 01:30:00,
844,michigan state,basketball,2015-03-20 12:40:00,NCAA,Georgia,W,70,63,,,,2015-03-20 22:40:00,
845,michigan state,basketball,2015-03-22 12:10:00,NCAA,Virginia (6),W,60,54,,,6.0,2015-03-22 22:10:00,
846,michigan state,basketball,2015-03-27 22:16:00,NCAA,Oklahoma (13),W,62,58,,,13.0,2015-03-28 08:16:00,
847,michigan state,basketball,2015-03-29 14:20:00,NCAA,Louisville (17),W,76,70,OT,,17.0,2015-03-30 00:20:00,
848,michigan state,basketball,2015-04-04 18:09:00,NCAA,Duke (4),L,61,81,,,4.0,2015-04-05 04:09:00,
849,michigan state,basketball,2015-11-13 19:00:00,regular,Florida Atlantic,W,82,55,,13,,2015-11-14 05:00:00,
850,michigan state,basketball,2015-11-17 22:00:00,regular,Kansas (4),W,79,73,,13,4.0,2015-11-18 08:00:00,
851,michigan state,basketball,2015-11-20 19:00:00,regular,Arkansas-Pine Bluff,W,92,46,,13,,2015-11-21 05:00:00,
852,michigan state,basketball,2015-11-23 19:00:00,regular,Eastern Michigan,W,89,65,,3,,2015-11-24 05:00:00,
853,michigan state,basketball,2015-11-26 18:30:00,regular,Boston College,W,99,68,,3,,2015-11-27 04:30:00,
854,michigan state,basketball,2015-11-27 17:30:00,regular,Boise State,W,77,67,,3,,2015-11-28 03:30:00,
855,michigan state,basketball,2015-11-29 22:00:00,regular,Providence,W,77,64,,3,,2015-11-30 08:00:00,
856,michigan state,basketball,2015-12-02 19:15:00,regular,Louisville (24),W,71,67,,3,24.0,2015-12-03 05:15:00,
857,michigan state,basketball,2015-12-05 12:00:00,regular,Binghamton,W,76,33,,3,,2015-12-05 22:00:00,
858,michigan state,basketball,2015-12-09 19:00:00,regular,Maryland-Eastern Shore,W,78,35,,1,,2015-12-10 05:00:00,
859,michigan state,basketball,2015-12-12 18:00:00,regular,Florida,W,58,52,,1,,2015-12-13 04:00:00,
860,michigan state,basketball,2015-12-19 12:30:00,regular,Northeastern,W,78,58,,1,,2015-12-19 22:30:00,
861,michigan state,basketball,2015-12-22 19:00:00,regular,Oakland,W,99,93,OT,1,,2015-12-23 05:00:00,
862,michigan state,basketball,2015-12-29 21:00:00,regular,Iowa,L,70,83,,1,,2015-12-30 07:00:00,
863,michigan state,basketball,2016-01-02 15:00:00,regular,Minnesota,W,69,61,,1,,2016-01-03 01:00:00,
864,michigan state,basketball,2016-01-07 21:00:00,regular,Illinois,W,79,54,,5,,2016-01-08 07:00:00,
865,michigan state,basketball,2016-01-10 12:00:00,regular,Penn State,W,92,65,,5,,2016-01-10 22:00:00,
866,michigan state,basketball,2016-01-14 19:00:00,regular,Iowa (16),L,59,76,,4,16.0,2016-01-15 05:00:00,
867,michigan state,basketball,2016-01-17 13:30:00,regular,Wisconsin,L,76,77,,4,,2016-01-17 23:30:00,
868,michigan state,basketball,2016-01-20 18:30:00,regular,Nebraska,L,71,72,,11,,2016-01-21 04:30:00,
869,michigan state,basketball,2016-01-23 18:30:00,regular,Maryland (7),W,74,65,,11,7.0,2016-01-24 04:30:00,
870,michigan state,basketball,2016-01-28 21:00:00,regular,Northwestern,W,76,45,,12,,2016-01-29 07:00:00,
871,michigan state,basketball,2016-01-31 17:15:00,regular,Rutgers,W,96,62,,12,,2016-02-01 03:15:00,
872,michigan state,basketball,2016-02-06 14:00:00,regular,Michigan,W,89,73,,10,,2016-02-07 00:00:00,
873,michigan state,basketball,2016-02-09 19:00:00,regular,Purdue (18),L,81,82,OT,8,18.0,2016-02-10 05:00:00,
874,michigan state,basketball,2016-02-14 13:00:00,regular,Indiana,W,88,69,,8,,2016-02-14 23:00:00,
875,michigan state,basketball,2016-02-18 21:00:00,regular,Wisconsin,W,69,57,,8,,2016-02-19 07:00:00,
876,michigan state,basketball,2016-02-23 21:00:00,regular,Ohio State,W,81,62,,6,,2016-02-24 07:00:00,
877,michigan state,basketball,2016-02-28 12:00:00,regular,Penn State,W,88,57,,6,,2016-02-28 22:00:00,
878,michigan state,basketball,2016-03-02 19:00:00,regular,Rutgers,W,97,66,,2,,2016-03-03 05:00:00,
879,michigan state,basketball,2016-03-05 12:00:00,regular,Ohio State,W,91,76,,2,,2016-03-05 22:00:00,
880,michigan state,basketball,2016-03-11 18:30:00,CTOURN,Ohio State,W,81,54,,2,,2016-03-12 04:30:00,
881,michigan state,basketball,2016-03-12 15:30:00,CTOURN,Maryland (18),W,64,61,,2,18.0,2016-03-13 01:30:00,
882,michigan state,basketball,2016-03-13 15:00:00,CTOURN,Purdue (13),W,66,62,,2,13.0,2016-03-14 01:00:00,
883,michigan state,basketball,2016-03-18 14:45:00,NCAA,Middle Tennessee,L,81,90,,,,2016-03-19 00:45:00,
884,michigan state,basketball,2016-11-11 19:00:00,regular,Arizona (10),L,63,65,,12,10.0,2016-11-12 05:00:00,
885,michigan state,basketball,2016-11-15 19:00:00,regular,Kentucky (2),L,48,69,,13,2.0,2016-11-16 05:00:00,
886,michigan state,basketball,2016-11-18 19:00:00,regular,Mississippi Valley State,W,100,53,,13,,2016-11-19 05:00:00,
887,michigan state,basketball,2016-11-20 19:00:00,regular,Florida Gulf Coast,W,78,77,,13,,2016-11-21 05:00:00,
888,michigan state,basketball,2016-11-23 19:00:00,regular,St. John's (NY),W,73,62,,24,,2016-11-24 05:00:00,
889,michigan state,basketball,2016-11-24 12:00:00,regular,Baylor (20),L,58,73,,24,20.0,2016-11-24 22:00:00,
890,michigan state,basketball,2016-11-25 13:00:00,regular,Wichita State,W,77,72,,24,,2016-11-25 23:00:00,
891,michigan state,basketball,2016-11-29 21:30:00,regular,Duke (5),L,69,78,,-,5.0,2016-11-30 07:30:00,
892,michigan state,basketball,2016-12-03 16:30:00,regular,Oral Roberts,W,80,76,,-,,2016-12-04 02:30:00,
893,michigan state,basketball,2016-12-06 19:00:00,regular,Youngstown State,W,77,57,,-,,2016-12-07 05:00:00,
894,michigan state,basketball,2016-12-10 14:00:00,regular,Tennessee Tech,W,71,63,,-,,2016-12-11 00:00:00,
895,michigan state,basketball,2016-12-18 19:00:00,regular,Northeastern,L,73,81,,-,,2016-12-19 05:00:00,
896,michigan state,basketball,2016-12-21 19:00:00,regular,Oakland,W,77,65,,-,,2016-12-22 05:00:00,
897,michigan state,basketball,2016-12-27 21:00:00,regular,Minnesota,W,75,74,OT,-,,2016-12-28 07:00:00,
898,michigan state,basketball,2016-12-30 18:00:00,regular,Northwestern,W,61,52,,-,,2016-12-31 04:00:00,
899,michigan state,basketball,2017-01-04 18:30:00,regular,Rutgers,W,93,65,,-,,2017-01-05 04:30:00,
900,michigan state,basketball,2017-01-07 13:00:00,regular,Penn State,L,63,72,,-,,2017-01-07 23:00:00,
901,michigan state,basketball,2017-01-11 19:00:00,regular,Minnesota (24),W,65,47,,-,24.0,2017-01-12 05:00:00,
902,michigan state,basketball,2017-01-15 13:30:00,regular,Ohio State,L,67,72,,-,,2017-01-15 23:30:00,
903,michigan state,basketball,2017-01-21 16:00:00,regular,Indiana,L,75,82,,-,,2017-01-22 02:00:00,
904,michigan state,basketball,2017-01-24 19:00:00,regular,Purdue (20),L,73,84,,-,20.0,2017-01-25 05:00:00,
905,michigan state,basketball,2017-01-29 13:00:00,regular,Michigan,W,70,62,,-,,2017-01-29 23:00:00,
906,michigan state,basketball,2017-02-02 19:00:00,regular,Nebraska,W,72,61,,-,,2017-02-03 05:00:00,
907,michigan state,basketball,2017-02-07 21:00:00,regular,Michigan,L,57,86,,-,,2017-02-08 07:00:00,
908,michigan state,basketball,2017-02-11 18:00:00,regular,Iowa,W,77,66,,-,,2017-02-12 04:00:00,
909,michigan state,basketball,2017-02-14 21:00:00,regular,Ohio State,W,74,66,,-,,2017-02-15 07:00:00,
910,michigan state,basketball,2017-02-18 16:00:00,regular,Purdue (16),L,63,80,,-,16.0,2017-02-19 02:00:00,
911,michigan state,basketball,2017-02-23 19:00:00,regular,Nebraska,W,88,72,,-,,2017-02-24 05:00:00,
912,michigan state,basketball,2017-02-26 16:00:00,regular,Wisconsin (16),W,84,74,,-,16.0,2017-02-27 02:00:00,
913,michigan state,basketball,2017-03-01 21:00:00,regular,Illinois,L,70,73,,-,,2017-03-02 07:00:00,
914,michigan state,basketball,2017-03-04 14:00:00,regular,Maryland,L,60,63,,-,,2017-03-05 00:00:00,
915,michigan state,basketball,2017-03-09 14:25:00,CTOURN,Penn State,W,78,51,,-,,2017-03-10 00:25:00,
916,michigan state,basketball,2017-03-10 14:45:00,CTOURN,Minnesota,L,58,63,,-,,2017-03-11 00:45:00,
917,michigan state,basketball,2017-03-17 21:20:00,NCAA,Miami (FL),W,78,58,,,,2017-03-18 07:20:00,
918,michigan state,basketball,2017-03-19 17:15:00,NCAA,Kansas (3),L,70,90,,,3.0,2017-03-20 03:15:00,
919,michigan state,basketball,2017-11-10 20:00:00,regular,North Florida,W,98,66,,2,,2017-11-11 06:00:00,
920,michigan state,basketball,2017-11-14 19:00:00,regular,Duke (1),L,81,88,,2,1.0,2017-11-15 05:00:00,
921,michigan state,basketball,2017-11-19 16:00:00,regular,Stony Brook,W,93,71,,2,,2017-11-20 02:00:00,
922,michigan state,basketball,2017-11-23 23:30:00,regular,DePaul,W,73,51,,4,,2017-11-24 09:30:00,
923,michigan state,basketball,2017-11-25 00:00:00,regular,Connecticut,W,77,57,,4,,2017-11-25 10:00:00,
924,michigan state,basketball,2017-11-26 20:30:00,regular,North Carolina (9),W,63,45,,4,9.0,2017-11-27 06:30:00,
925,michigan state,basketball,2017-11-30 19:00:00,regular,Notre Dame (5),W,81,63,,3,5.0,2017-12-01 05:00:00,
926,michigan state,basketball,2017-12-03 16:30:00,regular,Nebraska,W,86,57,,3,,2017-12-04 02:30:00,
927,michigan state,basketball,2017-12-05 19:00:00,regular,Rutgers,W,62,52,,3,,2017-12-06 05:00:00,
928,michigan state,basketball,2017-12-09 18:00:00,regular,Southern Utah,W,88,63,,3,,2017-12-10 04:00:00,
929,michigan state,basketball,2017-12-16 14:00:00,regular,Oakland,W,86,73,,2,,2017-12-17 00:00:00,
930,michigan state,basketball,2017-12-18 18:00:00,regular,Houston Baptist,W,107,62,,2,,2017-12-19 04:00:00,
931,michigan state,basketball,2017-12-21 19:00:00,regular,Long Beach State,W,102,60,,2,,2017-12-22 05:00:00,
932,michigan state,basketball,2017-12-29 18:00:00,regular,Cleveland State,W,111,61,,2,,2017-12-30 04:00:00,
933,michigan state,basketball,2017-12-31 12:00:00,regular,Savannah State,W,108,52,,2,,2017-12-31 22:00:00,
934,michigan state,basketball,2018-01-04 20:00:00,regular,Maryland,W,91,61,,1,,2018-01-05 06:00:00,
935,michigan state,basketball,2018-01-07 16:30:00,regular,Ohio State,L,64,80,,1,,2018-01-08 02:30:00,
936,michigan state,basketball,2018-01-10 19:00:00,regular,Rutgers,W,76,72,OT,4,,2018-01-11 05:00:00,
937,michigan state,basketball,2018-01-13 12:00:00,regular,Michigan,L,72,82,,4,,2018-01-13 22:00:00,
938,michigan state,basketball,2018-01-19 19:00:00,regular,Indiana,W,85,57,,9,,2018-01-20 05:00:00,
939,michigan state,basketball,2018-01-22 21:00:00,regular,Illinois,W,87,74,,6,,2018-01-23 07:00:00,
940,michigan state,basketball,2018-01-26 20:00:00,regular,Wisconsin,W,76,61,,6,,2018-01-27 06:00:00,
941,michigan state,basketball,2018-01-28 13:00:00,regular,Maryland,W,74,68,,6,,2018-01-28 23:00:00,
942,michigan state,basketball,2018-01-31 18:30:00,regular,Penn State,W,76,68,,5,,2018-02-01 04:30:00,
943,michigan state,basketball,2018-02-03 20:15:00,regular,Indiana,W,63,60,,5,,2018-02-04 06:15:00,
944,michigan state,basketball,2018-02-06 21:00:00,regular,Iowa,W,96,93,,4,,2018-02-07 07:00:00,
945,michigan state,basketball,2018-02-10 16:00:00,regular,Purdue (3),W,68,65,,4,3.0,2018-02-11 02:00:00,
946,michigan state,basketball,2018-02-13 21:00:00,regular,Minnesota,W,87,57,,2,,2018-02-14 07:00:00,
947,michigan state,basketball,2018-02-17 14:00:00,regular,Northwestern,W,65,60,,2,,2018-02-18 00:00:00,
948,michigan state,basketball,2018-02-20 19:00:00,regular,Illinois,W,81,61,,2,,2018-02-21 05:00:00,
949,michigan state,basketball,2018-02-25 13:00:00,regular,Wisconsin,W,68,63,,2,,2018-02-25 23:00:00,
950,michigan state,basketball,2018-03-02 12:00:00,CTOURN,Wisconsin,W,63,60,,2,,2018-03-02 22:00:00,
951,michigan state,basketball,2018-03-03 14:00:00,CTOURN,Michigan (15),L,64,75,,2,15.0,2018-03-04 00:00:00,
952,michigan state,basketball,2018-03-16 19:10:00,NCAA,Bucknell,W,82,78,,,,2018-03-17 05:10:00,
953,michigan state,basketball,2018-03-18 14:40:00,NCAA,Syracuse,L,53,55,,,,2018-03-19 00:40:00,
954,michigan state,basketball,2018-11-06 19:00:00,regular,Kansas (1),L,87,92,,10,1.0,2018-11-07 05:00:00,
955,michigan state,basketball,2018-11-11 18:00:00,regular,Florida Gulf Coast,W,106,82,,10,,2018-11-12 04:00:00,
956,michigan state,basketball,2018-11-14 19:00:00,regular,Louisiana-Monroe,W,80,59,,11,,2018-11-15 05:00:00,
957,michigan state,basketball,2018-11-18 18:00:00,regular,Tennessee Tech,W,101,33,,11,,2018-11-19 04:00:00,
958,michigan state,basketball,2018-11-22 22:00:00,regular,UCLA (17),W,87,67,,11,17.0,2018-11-23 08:00:00,
959,michigan state,basketball,2018-11-23 18:30:00,regular,Texas,W,78,68,,11,,2018-11-24 04:30:00,
960,michigan state,basketball,2018-11-27 19:30:00,regular,Louisville,L,78,82,OT,9,,2018-11-28 05:30:00,
961,michigan state,basketball,2018-11-30 18:00:00,regular,Rutgers,W,78,67,,9,,2018-12-01 04:00:00,
962,michigan state,basketball,2018-12-03 18:30:00,regular,Iowa (18),W,90,68,,10,18.0,2018-12-04 04:30:00,
963,michigan state,basketball,2018-12-08 12:00:00,regular,Florida,W,63,59,,10,,2018-12-08 22:00:00,
964,michigan state,basketball,2018-12-16 17:00:00,regular,Green Bay,W,104,83,,9,,2018-12-17 03:00:00,
965,michigan state,basketball,2018-12-21 19:00:00,regular,Oakland,W,99,69,,10,,2018-12-22 05:00:00,
966,michigan state,basketball,2018-12-29 14:00:00,regular,Northern Illinois,W,88,60,,8,,2018-12-30 00:00:00,
967,michigan state,basketball,2019-01-02 20:30:00,regular,Northwestern,W,81,55,,8,,2019-01-03 06:30:00,
968,michigan state,basketball,2019-01-05 12:00:00,regular,Ohio State (14),W,86,77,,8,14.0,2019-01-05 22:00:00,
969,michigan state,basketball,2019-01-08 21:00:00,regular,Purdue,W,77,59,,6,,2019-01-09 07:00:00,
970,michigan state,basketball,2019-01-13 16:30:00,regular,Penn State,W,71,56,,6,,2019-01-14 02:30:00,
971,michigan state,basketball,2019-01-17 20:00:00,regular,Nebraska,W,70,64,,6,,2019-01-18 06:00:00,
972,michigan state,basketball,2019-01-21 18:30:00,regular,Maryland (13),W,69,55,,6,13.0,2019-01-22 04:30:00,
973,michigan state,basketball,2019-01-24 19:00:00,regular,Iowa (19),W,82,67,,6,19.0,2019-01-25 05:00:00,
974,michigan state,basketball,2019-01-27 13:00:00,regular,Purdue,L,63,73,,6,,2019-01-27 23:00:00,
975,michigan state,basketball,2019-02-02 18:00:00,regular,Indiana,L,75,79,OT,6,,2019-02-03 04:00:00,
976,michigan state,basketball,2019-02-05 19:00:00,regular,Illinois,L,74,79,,9,,2019-02-06 05:00:00,
977,michigan state,basketball,2019-02-09 14:00:00,regular,Minnesota,W,79,55,,9,,2019-02-10 00:00:00,
978,michigan state,basketball,2019-02-12 19:00:00,regular,Wisconsin (20),W,67,59,,11,20.0,2019-02-13 05:00:00,
979,michigan state,basketball,2019-02-17 13:00:00,regular,Ohio State,W,62,44,,11,,2019-02-17 23:00:00,
980,michigan state,basketball,2019-02-20 18:30:00,regular,Rutgers,W,71,60,,10,,2019-02-21 04:30:00,
981,michigan state,basketball,2019-02-24 15:45:00,regular,Michigan (7),W,77,70,,10,7.0,2019-02-25 01:45:00,
982,michigan state,basketball,2019-03-02 12:00:00,regular,Indiana,L,62,63,,6,,2019-03-02 22:00:00,
983,michigan state,basketball,2019-03-05 19:00:00,regular,Nebraska,W,91,76,,9,,2019-03-06 05:00:00,
984,michigan state,basketball,2019-03-09 20:00:00,regular,Michigan (7),W,75,63,,9,7.0,2019-03-10 06:00:00,
985,michigan state,basketball,2019-03-15 12:30:00,CTOURN,Ohio State,W,77,70,,6,,2019-03-15 22:30:00,
986,michigan state,basketball,2019-03-16 13:00:00,CTOURN,Wisconsin (19),W,67,55,,6,19.0,2019-03-16 23:00:00,
987,michigan state,basketball,2019-03-17 15:30:00,CTOURN,Michigan (10),W,65,60,,6,10.0,2019-03-18 01:30:00,
988,michigan state,basketball,2019-03-21 14:45:00,NCAA,Bradley,W,76,65,,,,2019-03-22 00:45:00,
989,michigan state,basketball,2019-03-23 19:45:00,NCAA,Minnesota,W,70,50,,,,2019-03-24 05:45:00,
990,michigan state,basketball,2019-03-29 19:09:00,NCAA,Louisiana State (12),W,80,63,,,12.0,2019-03-30 05:09:00,
991,michigan state,basketball,2019-03-31 17:05:00,NCAA,Duke (1),W,68,67,,,1.0,2019-04-01 03:05:00,
992,michigan state,basketball,2019-04-06 20:49:00,NCAA,Texas Tech (9),L,51,61,,,9.0,2019-04-07 06:49:00,
