,Unnamed: 0,school,gamedate,type,opponent,conf,result,team_points,opp_points,ot,w,l,streak,arena,rank,gametime,Game String,Start time,US State,Attendance
0,0,michigan,11/14/2009,REG,Northern Michigan,,W,97,50,,1,0,W 1,Crisler Arena,15,,Northern Michigan on November 14 7:00 PM,7:00 PM,MICH.,9730
1,1,michigan,11/20/2009,REG,Houston Baptist,GWC,W,77,55,,2,0,W 2,Crisler Arena,15,,Houston Baptist on November 20 7:00 PM,7:00 PM,MICH.,10523
2,2,michigan,11/26/2009,REG,Creighton,MVC,W,83,76,OT,3,0,W 3,The Milk House,15,,Creighton on November 26 12:00 PM,12:00 PM,FLA.,2853
3,3,michigan,11/27/2009,REG,Marquette,Big East,L,65,79,,3,1,L 1,The Milk House,15,,Marquette on November 27 12:00 PM,12:00 PM,FLA.,3660
4,4,michigan,11/29/2009,REG,Alabama,SEC,L,66,68,,3,2,L 2,The Milk House,15,,Alabama on November 29 5:00 PM,5:00 PM,FLA.,2225
5,5,michigan,12/2/2009,REG,Boston College,ACC,L,58,62,,3,3,L 3,Crisler Arena,-,,Boston College on December 2 7:30 PM,7:30 PM,MICH.,10718
6,6,michigan,12/5/2009,REG,Arkansas-Pine Bluff,SWAC,W,67,53,,4,3,W 1,Crisler Arena,-,,Arkansas - Pine Bluff on December 5 2:00 PM,2:00 PM,MICH.,10073
7,7,michigan,12/9/2009,REG,Utah,MWC,L,52,68,,4,4,L 1,Jon M. Huntsman Center,-,,Utah on December 9 7:00 PM,7:00 PM,UTAH,9227
8,8,michigan,12/13/2009,REG,Detroit Mercy,Horizon,W,75,64,,5,4,W 1,Crisler Arena,-,,Detroit on December 13 12:00 PM,12:00 PM,MICH.,11163
9,9,michigan,12/19/2009,REG,Kansas (1),Big 12,L,64,75,,5,5,L 1,Allen Fieldhouse,-,,Kansas on December 19 11:00 AM,11:00 AM,KAN.,16300
10,10,michigan,12/22/2009,REG,Coppin State,MEAC,W,76,46,,6,5,W 1,Crisler Arena,-,,Coppin State on December 22 7:00 PM,7:00 PM,MICH.,10163
11,11,michigan,12/31/2009,REG,Indiana,Big Ten,L,65,71,,6,6,L 1,Assembly Hall,-,,Indiana on December 31 12:00 PM,12:00 PM,IND.,15034
12,12,michigan,1/3/2010,REG,Ohio State (15),Big Ten,W,73,64,,7,6,W 1,Crisler Arena,-,,Ohio State on January 3 4:30 PM,4:30 PM,MICH.,13751
13,13,michigan,1/7/2010,REG,Penn State,Big Ten,W,64,55,,8,6,W 2,Bryce Jordan Center,-,,Penn State on January 7 7:00 PM,7:00 PM,PA.,5799
14,14,michigan,1/10/2010,REG,Northwestern,Big Ten,L,62,68,,8,7,L 1,Crisler Arena,-,,Northwestern on January 10 2:30 PM,2:30 PM,MICH.,11851
15,15,michigan,1/14/2010,REG,Indiana,Big Ten,W,69,45,,9,7,W 1,Crisler Arena,-,,Indiana on January 14 9:00 PM,9:00 PM,MICH.,9632
16,16,michigan,1/17/2010,REG,Connecticut (15),Big East,W,68,63,,10,7,W 2,Crisler Arena,-,,Connecticut on January 17 1:30 PM,1:30 PM,MICH.,13536
17,17,michigan,1/20/2010,REG,Wisconsin (18),Big Ten,L,48,54,,10,8,L 1,Kohl Center,-,,Wisconsin on January 20 7:30 PM,7:30 PM,WIS.,17230
18,18,michigan,1/23/2010,REG,Purdue (13),Big Ten,L,59,69,,10,9,L 2,Mackey Arena,-,,Purdue on January 23 4:00 PM,4:00 PM,IND.,14123
19,19,michigan,1/26/2010,REG,Michigan State (5),Big Ten,L,56,57,,10,10,L 3,Crisler Arena,-,,Michigan State on January 26 7:00 PM,7:00 PM,MICH.,13751
20,20,michigan,1/30/2010,REG,Iowa,Big Ten,W,60,46,,11,10,W 1,Crisler Arena,-,,Iowa on January 30 4:35 PM,4:35 PM,MICH.,13541
21,21,michigan,2/2/2010,REG,Northwestern,Big Ten,L,52,67,,11,11,L 1,Welsh-Ryan Arena,-,,Northwestern on February 2 6:00 PM,6:00 PM,ILL.,5127
22,22,michigan,2/6/2010,REG,Wisconsin (16),Big Ten,L,44,62,,11,12,L 2,Crisler Arena,-,,Wisconsin on February 6 4:00 PM,4:00 PM,MICH.,13501
23,23,michigan,2/11/2010,REG,Minnesota,Big Ten,W,71,63,,12,12,W 1,Williams Arena,-,,Minnesota on February 11 6:00 PM,6:00 PM,MINN.,14625
24,24,michigan,2/16/2010,REG,Iowa,Big Ten,W,80,78,OT,13,12,W 2,Carver-Hawkeye Arena,-,,Iowa on February 16 8:05 PM,8:05 PM,IOWA,9485
25,25,michigan,2/20/2010,REG,Penn State,Big Ten,L,51,55,,13,13,L 1,Crisler Arena,-,,Penn State on February 20 6:00 PM,6:00 PM,MICH.,13751
26,26,michigan,2/23/2010,REG,Illinois,Big Ten,L,44,51,,13,14,L 2,Crisler Arena,-,,Illinois on February 23 7:00 PM,7:00 PM,MICH.,11357
27,27,michigan,2/27/2010,REG,Ohio State (9),Big Ten,L,55,66,,13,15,L 3,Value City Arena,-,,Ohio State on February 27 12:00 PM,12:00 PM,OHIO,18862
28,28,michigan,3/2/2010,REG,Minnesota,Big Ten,W,83,55,,14,15,W 1,Crisler Arena,-,,Minnesota on March 2 7:00 PM,7:00 PM,MICH.,10561
29,29,michigan,3/7/2010,REG,Michigan State (11),Big Ten,L,48,64,,14,16,L 1,Breslin Events Center,-,,Michigan State on March 7 4:00 PM,4:00 PM,MICH.,14759
30,31,michigan,3/11/2010,CTOURN,Iowa,Big Ten,W,59,52,,15,16,W 1,Conseco Fieldhouse,-,,Iowa (#9) on March 11 2:30 PM,2:30 PM,IND.,14833
31,32,michigan,3/12/2010,CTOURN,Ohio State (5),Big Ten,L,68,69,,15,17,L 1,Conseco Fieldhouse,-,,Ohio State (#1) on March 12 12:00 PM,12:00 PM,IND.,16207
32,33,michigan,11/13/2010,REG,South Carolina Upstate,A-Sun,W,66,35,,1,0,W 1,Crisler Arena,-,,South Carolina Upstate on November 13 7:00 PM,7:00 PM,MICH.,7632
33,34,michigan,11/18/2010,REG,Bowling Green State,MAC,W,69,50,,2,0,W 2,Crisler Arena,-,,Bowling Green on November 18 7:00 PM,7:00 PM,MICH.,7852
34,35,michigan,11/21/2010,REG,Gardner-Webb,Big South,W,80,58,,3,0,W 3,Crisler Arena,-,,Gardner-Webb on November 21 2:00 PM,2:00 PM,MICH.,7157
35,36,michigan,11/26/2010,REG,Syracuse (9),Big East,L,50,53,,3,1,L 1,Boardwalk Hall,-,,Syracuse on November 26 8:00 PM,8:00 PM,N.J.,6273
36,37,michigan,11/27/2010,REG,UTEP,CUSA,L,56,65,,3,2,L 2,Boardwalk Hall,-,,UTEP on November 27 5:30 PM,5:30 PM,N.J.,5271
37,38,michigan,11/30/2010,REG,Clemson,ACC,W,69,61,,4,2,W 1,Littlejohn Coliseum,-,,Clemson on November 30 9:00 PM,9:00 PM,S.C.,7237
38,39,michigan,12/4/2010,REG,Harvard,Ivy,W,65,62,,5,2,W 2,Crisler Arena,-,,Harvard on December 4 1:00 PM,1:00 PM,MICH.,9559
39,40,michigan,12/6/2010,REG,Concordia (MI),,W,86,65,,6,2,W 3,Crisler Arena,-,,Concordia (Mich.) on December 6 7:30 PM,7:30 PM,MICH.,9016
40,41,michigan,12/10/2010,REG,Utah,MWC,W,75,64,,7,2,W 4,Crisler Arena,-,,Utah on December 10 6:30 PM,6:30 PM,MICH.,9634
41,42,michigan,12/14/2010,REG,North Carolina Central,Ind,W,64,44,,8,2,W 5,Crisler Arena,-,,North Carolina Central on December 14 7:00 PM,7:00 PM,MICH.,8740
42,43,michigan,12/18/2010,REG,Oakland,Summit,W,69,51,,9,2,W 6,Crisler Arena,-,,Oakland on December 18 12:00 PM,12:00 PM,MICH.,9738
43,44,michigan,12/23/2010,REG,Bryant,NEC,W,87,71,,10,2,W 7,Crisler Arena,-,,Bryant on December 23 6:00 PM,6:00 PM,MICH.,8758
44,45,michigan,12/28/2010,REG,Purdue (12),Big Ten,L,57,80,,10,3,L 1,Crisler Arena,-,,Purdue on December 28 2:00 PM,2:00 PM,MICH.,13751
45,46,michigan,1/2/2011,REG,Penn State,Big Ten,W,76,69,,11,3,W 1,Crisler Arena,-,,Penn State on January 2 4:00 PM,4:00 PM,MICH.,11771
46,47,michigan,1/5/2011,REG,Wisconsin,Big Ten,L,50,66,,11,4,L 1,Kohl Center,-,,Wisconsin on January 5 7:30 PM,7:30 PM,WIS.,17230
47,48,michigan,1/9/2011,REG,Kansas (3),Big 12,L,60,67,OT,11,5,L 2,Crisler Arena,-,,Kansas on January 9 4:30 PM,4:30 PM,MICH.,12476
48,49,michigan,1/12/2011,REG,Ohio State (2),Big Ten,L,64,68,,11,6,L 3,Crisler Arena,-,,Ohio State on January 12 6:30 PM,6:30 PM,MICH.,11994
49,50,michigan,1/15/2011,REG,Indiana,Big Ten,L,61,80,,11,7,L 4,Assembly Hall,-,,Indiana on January 15 8:00 PM,8:00 PM,IND.,17168
50,51,michigan,1/18/2011,REG,Northwestern,Big Ten,L,60,74,,11,8,L 5,Welsh-Ryan Arena,-,,Northwestern on January 18 8:00 PM,8:00 PM,ILL.,5192
51,52,michigan,1/22/2011,REG,Minnesota (15),Big Ten,L,64,69,,11,9,L 6,Crisler Arena,-,,Minnesota on January 22 7:00 PM,7:00 PM,MICH.,12378
52,53,michigan,1/27/2011,REG,Michigan State (25),Big Ten,W,61,57,,12,9,W 1,Breslin Events Center,-,,Michigan State on January 27 7:00 PM,7:00 PM,MICH.,14797
53,54,michigan,1/30/2011,REG,Iowa,Big Ten,W,87,73,,13,9,W 2,Crisler Arena,-,,Iowa on January 30 4:00 PM,4:00 PM,MICH.,12978
54,55,michigan,2/3/2011,REG,Ohio State (1),Big Ten,L,53,62,,13,10,L 1,Value City Arena,-,,Ohio State on February 3 7:00 PM,7:00 PM,OHIO,18809
55,56,michigan,2/6/2011,REG,Penn State,Big Ten,W,65,62,,14,10,W 1,Bryce Jordan Center,-,,Penn State on February 6 12:00 PM,12:00 PM,PA.,8302
56,57,michigan,2/9/2011,REG,Northwestern,Big Ten,W,75,66,,15,10,W 2,Crisler Arena,-,,Northwestern on February 9 6:30 PM,6:30 PM,MICH.,10198
57,58,michigan,2/12/2011,REG,Indiana,Big Ten,W,73,69,,16,10,W 3,Crisler Arena,-,,Indiana on February 12 4:00 PM,4:00 PM,MICH.,13751
58,59,michigan,2/16/2011,REG,Illinois,Big Ten,L,52,54,,16,11,L 1,Assembly Hall,-,,Illinois on February 16 7:30 PM,7:30 PM,ILL.,16273
59,60,michigan,2/19/2011,REG,Iowa,Big Ten,W,75,72,OT,17,11,W 1,Carver-Hawkeye Arena,-,,Iowa on February 19 3:30 PM,3:30 PM,IOWA,13835
60,61,michigan,2/23/2011,REG,Wisconsin (12),Big Ten,L,52,53,,17,12,L 1,Crisler Arena,-,,Wisconsin on February 23 6:30 PM,6:30 PM,MICH.,11023
61,62,michigan,2/26/2011,REG,Minnesota,Big Ten,W,70,63,,18,12,W 1,Williams Arena,-,,Minnesota on February 26 3:30 PM,3:30 PM,MINN.,14625
62,63,michigan,3/5/2011,REG,Michigan State,Big Ten,W,70,63,,19,12,W 2,Crisler Arena,-,,Michigan State on March 5 2:00 PM,2:00 PM,MICH.,13751
63,65,michigan,3/11/2011,CTOURN,Illinois,Big Ten,W,60,55,,20,12,W 3,,-,,Illinois (#5) on March 11 2:30 PM,2:30 PM,IND.,17975
64,66,michigan,3/12/2011,CTOURN,Ohio State (1),Big Ten,L,61,68,,20,13,L 1,,-,,Ohio State (#1) on March 12 1:40 PM,1:40 PM,IND.,18377
65,68,michigan,3/18/2011,NCAA,Tennessee,SEC,W,75,45,,21,13,W 1,Times Warner Cable Arena,,,Tennessee (#9) on March 18 12:40 PM,12:40 PM,N.C.,16829
66,69,michigan,3/20/2011,NCAA,Duke (3),ACC,L,71,73,,21,14,L 1,Times Warner Cable Arena,,,Duke (#1) on March 20 2:45 PM,2:45 PM,N.C.,18329
67,70,michigan,11/11/2011,REG,Ferris State,,W,59,33,,1,0,W 1,Crisler Arena,18,,Ferris State on November 11 7:00 PM,7:00 PM,MICH.,11029
68,71,michigan,11/14/2011,REG,Towson,CAA,W,64,47,,2,0,W 2,Crisler Arena,17,,Towson on November 14 8:30 PM,8:30 PM,MICH.,7901
69,72,michigan,11/17/2011,REG,Western Illinois,Summit,W,59,55,,3,0,W 3,Crisler Arena,17,,Western Illinois on November 17 8:30 PM,8:30 PM,MICH.,8026
70,73,michigan,11/21/2011,REG,Memphis (8),CUSA,W,73,61,,4,0,W 4,Lahaina Civic Center,15,,Memphis on November 21 10:00 AM,10:00 AM,HAWAII,2400
71,74,michigan,11/22/2011,REG,Duke (6),ACC,L,75,82,,4,1,L 1,,15,,Duke on November 22 2:00 PM,2:00 PM,HAWAII,2400
72,75,michigan,11/23/2011,REG,UCLA,Pac-12,W,79,63,,5,1,W 1,,15,,UCLA on November 23 2:30 PM,2:30 PM,HAWAII,2400
73,76,michigan,11/29/2011,REG,Virginia,ACC,L,58,70,,5,2,L 1,John Paul Jones Arena,14,,Virginia on November 29 7:00 PM,7:00 PM,VA.,10564
74,77,michigan,12/3/2011,REG,Iowa State,Big 12,W,76,66,,6,2,W 1,Crisler Arena,14,,Iowa State on December 3 12:00 PM,12:00 PM,MICH.,10845
75,78,michigan,12/10/2011,REG,Oakland,Summit,W,90,80,,7,2,W 2,,20,,Oakland on December 10 4:00 PM,4:00 PM,MICH.,17118
76,79,michigan,12/13/2011,REG,Arkansas-Pine Bluff,SWAC,W,63,50,,8,2,W 3,Crisler Arena,20,,Arkansas-Pine Bluff on December 13 7:00 PM,7:00 PM,MICH.,9005
77,80,michigan,12/17/2011,REG,Alabama A&M,SWAC,W,87,57,,9,2,W 4,Crisler Arena,20,,Alabama A&M on December 17 12:00 PM,12:00 PM,MICH.,10497
78,81,michigan,12/22/2011,REG,Bradley,MVC,W,77,66,,10,2,W 5,Crisler Arena,20,,Bradley on December 22 6:30 PM,6:30 PM,MICH.,11298
79,82,michigan,12/29/2011,REG,Penn State,Big Ten,W,71,53,,11,2,W 6,Crisler Arena,18,,Penn State on December 29 7:30 PM,7:30 PM,MICH.,12721
80,83,michigan,1/1/2012,REG,Minnesota,Big Ten,W,61,56,,12,2,W 7,Crisler Arena,18,,Minnesota on January 1 4:00 PM,4:00 PM,MICH.,12721
81,84,michigan,1/5/2012,REG,Indiana (12),Big Ten,L,71,73,,12,3,L 1,Assembly Hall,16,,Indiana on January 5 9:00 PM,9:00 PM,IND.,16020
82,85,michigan,1/8/2012,REG,Wisconsin (18),Big Ten,W,59,41,,13,3,W 1,Crisler Arena,16,,Wisconsin on January 8 1:30 PM,1:30 PM,MICH.,12721
83,86,michigan,1/11/2012,REG,Northwestern,Big Ten,W,66,64,OT,14,3,W 2,Crisler Arena,13,,Northwestern on January 11 6:30 PM,6:30 PM,MICH.,12605
84,87,michigan,1/14/2012,REG,Iowa,Big Ten,L,59,75,,14,4,L 1,Carver-Hawkeye Arena,13,,Iowa on January 14 12:00 PM,12:00 PM,IOWA,12366
85,88,michigan,1/17/2012,REG,Michigan State (9),Big Ten,W,60,59,,15,4,W 1,Crisler Arena,20,,Michigan State on January 17 7:00 PM,7:00 PM,MICH.,12721
86,89,michigan,1/21/2012,REG,Arkansas,SEC,L,64,66,,15,5,L 1,Bud Walton Arena,20,,Arkansas on January 21 1:00 PM,1:00 PM,ARK.,19050
87,90,michigan,1/24/2012,REG,Purdue,Big Ten,W,66,64,,16,5,W 1,Mackey Arena,20,,Purdue on January 24 7:00 PM,7:00 PM,IND.,14533
88,91,michigan,1/29/2012,REG,Ohio State (4),Big Ten,L,49,64,,16,6,L 1,Value City Arena,20,,Ohio State on January 29 1:00 PM,1:00 PM,OHIO,18809
89,92,michigan,2/1/2012,REG,Indiana (20),Big Ten,W,68,56,,17,6,W 1,Crisler Arena,23,,Indiana on February 1 6:30 PM,6:30 PM,MICH.,12721
90,93,michigan,2/5/2012,REG,Michigan State (9),Big Ten,L,54,64,,17,7,L 1,Breslin Events Center,23,,Michigan State on February 5 1:00 PM,1:00 PM,MICH.,14797
91,94,michigan,2/8/2012,REG,Nebraska,Big Ten,W,62,46,,18,7,W 1,Bob Devaney Sports Center,22,,Nebraska on February 8 7:30 PM,7:30 PM,NEB.,9533
92,95,michigan,2/12/2012,REG,Illinois,Big Ten,W,70,61,,19,7,W 2,Crisler Arena,22,,Illinois on February 12 1:00 PM,1:00 PM,MICH.,12721
93,96,michigan,2/18/2012,REG,Ohio State (6),Big Ten,W,56,51,,20,7,W 3,Crisler Arena,17,,Ohio State on February 18 9:00 PM,9:00 PM,MICH.,12721
94,97,michigan,2/21/2012,REG,Northwestern,Big Ten,W,67,55,OT,21,7,W 4,Welsh-Ryan Arena,11,,Northwestern on February 21 7:00 PM,7:00 PM,ILL.,8117
95,98,michigan,2/25/2012,REG,Purdue,Big Ten,L,61,75,,21,8,L 1,Crisler Arena,11,,Purdue on February 25 6:00 PM,6:00 PM,MICH.,12721
96,99,michigan,3/1/2012,REG,Illinois,Big Ten,W,72,61,,22,8,W 1,Assembly Hall,13,,Illinois on March 1 6:00 PM,6:00 PM,ILL.,15244
97,100,michigan,3/4/2012,REG,Penn State,Big Ten,W,71,65,,23,8,W 2,Bryce Jordan Center,13,,Penn State on March 4 1:00 PM,1:00 PM,PA.,9564
98,102,michigan,3/9/2012,CTOURN,Minnesota,Big Ten,W,73,69,OT,24,8,W 3,,10,,Minnesota (#10) on March 9 6:30 PM,6:30 PM,IND.,18848
99,103,michigan,3/10/2012,CTOURN,Ohio State (7),Big Ten,L,55,77,,24,9,L 1,Conseco Fieldhouse,10,,Ohio State (#3) on March 10 4:05 PM,4:05 PM,IND.,18451
100,105,michigan,3/16/2012,NCAA,Ohio,MAC,L,60,65,,24,10,L 2,Bridgestone Arena,,,Ohio (#13) on March 16 6:20 PM,6:20 PM,TENN.,11625
101,106,michigan,11/9/2012,REG,Slippery Rock,,W,100,62,,1,0,W 1,Crisler Arena,5,,Slippery Rock on November 9 8:30 PM,8:30 PM,MICH.,12693
102,107,michigan,11/12/2012,REG,IUPUI,Summit,W,91,54,,2,0,W 2,Crisler Arena,5,,IUPUI on November 12 9:00 PM,9:00 PM,MICH.,8412
103,108,michigan,11/13/2012,REG,Cleveland State,Horizon,W,77,47,,3,0,W 3,Crisler Arena,5,,Cleveland State on November 13 8:00 PM,8:00 PM,MICH.,8622
104,109,michigan,11/21/2012,REG,Pittsburgh,Big East,W,67,62,,4,0,W 4,,4,,Pittsburgh on November 21 9:30 PM,9:30 PM,N.Y.,7230
105,110,michigan,11/23/2012,REG,Kansas State,Big 12,W,71,57,,5,0,W 5,Madison Square Garden (IV),4,,Kansas State on November 23 4:30 PM,4:30 PM,N.Y.,7198
106,111,michigan,11/27/2012,REG,NC State (18),ACC,W,79,72,,6,0,W 6,Crisler Arena,3,,North Carolina State on November 27 7:30 PM,7:30 PM,MICH.,12693
107,112,michigan,12/1/2012,REG,Bradley,MVC,W,74,66,,7,0,W 7,Carver Arena,3,,Bradley on December 1 3:00 PM,3:00 PM,ILL.,11019
108,113,michigan,12/4/2012,REG,Western Michigan,MAC,W,73,41,,8,0,W 8,Crisler Arena,3,,Western Michigan on December 4 8:30 PM,8:30 PM,MICH.,12693
109,114,michigan,12/8/2012,REG,Arkansas,SEC,W,80,67,,9,0,W 9,Crisler Arena,3,,Arkansas on December 8 12:00 PM,12:00 PM,MICH.,12693
110,115,michigan,12/11/2012,REG,Binghamton,AEC,W,67,39,,10,0,W 10,Crisler Arena,3,,Binghamton on December 11 7:00 PM,7:00 PM,MICH.,11061
111,116,michigan,12/15/2012,REG,West Virginia,Big 12,W,81,66,,11,0,W 11,WVU Coliseum,3,,West Virginia on December 15 8:00 PM,8:00 PM,N.Y.,16514
112,117,michigan,12/20/2012,REG,Eastern Michigan,MAC,W,93,54,,12,0,W 12,Crisler Arena,2,,Eastern Michigan on December 20 8:30 PM,8:30 PM,MICH.,12693
113,118,michigan,12/29/2012,REG,Central Michigan,MAC,W,88,73,,13,0,W 13,Crisler Arena,2,,Central Michigan on December 29 7:00 PM,7:00 PM,MICH.,12693
114,119,michigan,1/3/2013,REG,Northwestern,Big Ten,W,94,66,,14,0,W 14,Welsh-Ryan Arena,2,,Northwestern on January 3 6:00 PM,6:00 PM,ILL.,8117
115,120,michigan,1/6/2013,REG,Iowa,Big Ten,W,95,67,,15,0,W 15,Crisler Arena,2,,Iowa on January 6 12:00 PM,12:00 PM,MICH.,12693
116,121,michigan,1/9/2013,REG,Nebraska,Big Ten,W,62,47,,16,0,W 16,Crisler Arena,2,,Nebraska on January 9 7:00 PM,7:00 PM,MICH.,12693
117,122,michigan,1/13/2013,REG,Ohio State (15),Big Ten,L,53,56,,16,1,L 1,Value City Arena,2,,Ohio State on January 13 1:30 PM,1:30 PM,OHIO,18809
118,123,michigan,1/17/2013,REG,Minnesota (9),Big Ten,W,83,75,,17,1,W 1,Williams Arena,5,,Minnesota on January 17 6:00 PM,6:00 PM,MINN.,14625
119,124,michigan,1/24/2013,REG,Purdue,Big Ten,W,68,53,,18,1,W 2,Crisler Arena,2,,Purdue on January 24 7:00 PM,7:00 PM,MICH.,12693
120,125,michigan,1/27/2013,REG,Illinois,Big Ten,W,74,60,,19,1,W 3,Assembly Hall,2,,Illinois on January 27 5:00 PM,5:00 PM,ILL.,16618
121,126,michigan,1/30/2013,REG,Northwestern,Big Ten,W,68,46,,20,1,W 4,Crisler Arena,1,,Northwestern on January 30 6:30 PM,6:30 PM,MICH.,12693
122,127,michigan,2/2/2013,REG,Indiana (3),Big Ten,L,73,81,,20,2,L 1,Assembly Hall,1,,Indiana on February 2 9:00 PM,9:00 PM,IND.,17472
123,128,michigan,2/5/2013,REG,Ohio State (10),Big Ten,W,76,74,OT,21,2,W 1,Crisler Arena,3,,Ohio State on February 5 9:00 PM,9:00 PM,MICH.,12693
124,129,michigan,2/9/2013,REG,Wisconsin,Big Ten,L,62,65,OT,21,3,L 1,Kohl Center,3,,Wisconsin on February 9 11:00 AM,11:00 AM,WIS.,17249
125,130,michigan,2/12/2013,REG,Michigan State (8),Big Ten,L,52,75,,21,4,L 2,Breslin Events Center,4,,Michigan State on February 12 9:00 PM,9:00 PM,MICH.,14797
126,131,michigan,2/17/2013,REG,Penn State,Big Ten,W,79,71,,22,4,W 1,Crisler Arena,4,,Penn State on February 17 12:00 PM,12:00 PM,MICH.,12693
127,132,michigan,2/24/2013,REG,Illinois,Big Ten,W,71,58,,23,4,W 2,Crisler Arena,7,,Illinois on February 24 1:00 PM,1:00 PM,MICH.,12693
128,133,michigan,2/27/2013,REG,Penn State,Big Ten,L,78,84,,23,5,L 1,Bryce Jordan Center,4,,Penn State on February 27 6:30 PM,6:30 PM,PA.,8892
129,134,michigan,3/3/2013,REG,Michigan State (9),Big Ten,W,58,57,,24,5,W 1,Crisler Arena,4,,Michigan State on March 3 4:00 PM,4:00 PM,MICH.,12693
130,135,michigan,3/6/2013,REG,Purdue,Big Ten,W,80,75,,25,5,W 2,Mackey Arena,7,,Purdue on March 6 7:00 PM,7:00 PM,IND.,14201
131,136,michigan,3/10/2013,REG,Indiana (2),Big Ten,L,71,72,,25,6,L 1,Crisler Arena,7,,Indiana on March 10 4:00 PM,4:00 PM,MICH.,12693
132,138,michigan,3/14/2013,CTOURN,Penn State,Big Ten,W,83,66,,26,6,W 1,,6,,Penn State (#12) on March 14 1:30 PM,1:30 PM,ILL.,19470
133,139,michigan,3/15/2013,CTOURN,Wisconsin (22),Big Ten,L,59,68,,26,7,L 1,United Center,6,,Wisconsin (#4) on March 15 1:30 PM,1:30 PM,ILL.,21793
134,141,michigan,3/21/2013,NCAA,South Dakota State,Summit,W,71,56,,27,7,W 1,Palace of Auburn Hills,,,South Dakota State (#13) on March 21 7:15 PM,7:15 PM,MICH.,19829
135,142,michigan,3/23/2013,NCAA,Virginia Commonwealth,A-10,W,78,53,,28,7,W 2,Palace of Auburn Hills,,,VCU (#5) on March 23 12:15 PM,12:15 PM,MICH.,21723
136,143,michigan,3/29/2013,NCAA,Kansas (3),Big 12,W,87,85,OT,29,7,W 3,Cowboy's Stadium,,,Kansas (#1) on March 29 6:37 PM,6:37 PM,TEXAS,40639
137,144,michigan,3/31/2013,NCAA,Florida (14),SEC,W,79,59,,30,7,W 4,Cowboy's Stadium,,,Florida (#3) on March 31 1:20 PM,1:20 PM,TEXAS,36585
138,145,michigan,4/6/2013,NCAA,Syracuse (16),Big East,W,61,56,,31,7,W 5,Georgia Dome,,,Syracuse (#4) on April 6 9:21 PM,9:21 PM,GA.,75350
139,146,michigan,4/8/2013,NCAA,Louisville (2),Big East,L,76,82,,31,8,L 1,Georgia Dome,,,Louisville (#1) on April 8 9:23 PM,9:23 PM,GA.,74326
140,147,michigan,11/8/2013,REG,Massachusetts-Lowell,AEC,W,69,42,,1,0,W 1,Crisler Arena,7,,UMass-Lowell on November 8 7:00 PM,7:00 PM,MICH.,12707
141,148,michigan,11/12/2013,REG,South Carolina State,MEAC,W,93,59,,2,0,W 2,Crisler Arena,7,,South Carolina State on November 12 7:00 PM,7:00 PM,MICH.,12707
142,149,michigan,11/17/2013,REG,Iowa State,Big 12,L,70,77,,2,1,L 1,James H. Hilton Coliseum ,7,,Iowa State on November 17 4:00 PM,4:00 PM,IOWA,14384
143,150,michigan,11/21/2013,REG,Long Beach State,Big West,W,85,61,,3,1,W 1,Roberto Clemente Coliseum,15,,Long Beach State on November 21 6:00 PM,6:00 PM,PUERTO RICO,4952
144,151,michigan,11/22/2013,REG,Florida State,ACC,W,82,80,OT,4,1,W 2,Roberto Clemente Coliseum,15,,Florida State on November 22 6:00 PM,6:00 PM,PUERTO RICO,5835
145,152,michigan,11/24/2013,REG,Charlotte,CUSA,L,61,63,,4,2,L 1,Roberto Clemente Coliseum,15,,Charlotte on November 24 7:30 PM,7:30 PM,PUERTO RICO,7642
146,153,michigan,11/29/2013,REG,Coppin State,MEAC,W,87,45,,5,2,W 1,Crisler Arena,22,,Coppin State on November 29 3:00 PM,3:00 PM,MICH.,12707
147,154,michigan,12/3/2013,REG,Duke (10),ACC,L,69,79,,5,3,L 1,Cameron Indoor Stadium,22,,Duke on December 3 9:20 PM,9:20 PM,N.C.,9314
148,155,michigan,12/7/2013,REG,Houston Baptist,Southland,W,107,53,,6,3,W 1,Crisler Arena,22,,Houston Baptist on December 7 12:00 PM,12:00 PM,MICH.,12579
149,156,michigan,12/14/2013,REG,Arizona (1),Pac-12,L,70,72,,6,4,L 1,Crisler Arena,-,,Arizona on December 14 12:00 PM,12:00 PM,MICH.,12707
150,157,michigan,12/21/2013,REG,Stanford,Pac-12,W,68,65,,7,4,W 1,Barclays Center,-,,Stanford on December 21 8:30 PM,8:30 PM,N.Y.,11039
151,158,michigan,12/28/2013,REG,Holy Cross,Patriot,W,88,66,,8,4,W 2,Crisler Arena,-,,Holy Cross on December 28 6:30 PM,6:30 PM,MICH.,12707
152,159,michigan,1/2/2014,REG,Minnesota,Big Ten,W,63,60,,9,4,W 3,Williams Arena,-,,Minnesota on January 2 6:00 PM,6:00 PM,MINN.,12225
153,160,michigan,1/5/2014,REG,Northwestern,Big Ten,W,74,51,,10,4,W 4,Crisler Arena,-,,Northwestern on January 5 12:00 PM,12:00 PM,MICH.,12707
154,161,michigan,1/9/2014,REG,Nebraska,Big Ten,W,71,70,,11,4,W 5,Pinnacle Bank Arena,-,,Nebraska on January 9 8:00 PM,8:00 PM,NEB.,15012
155,162,michigan,1/14/2014,REG,Penn State,Big Ten,W,80,67,,12,4,W 6,Crisler Arena,-,,Penn State on January 14 8:00 PM,8:00 PM,MICH.,12707
156,163,michigan,1/18/2014,REG,Wisconsin (3),Big Ten,W,77,70,,13,4,W 7,Kohl Center,-,,Wisconsin on January 18 5:00 PM,5:00 PM,WIS.,17249
157,164,michigan,1/22/2014,REG,Iowa (10),Big Ten,W,75,67,,14,4,W 8,Crisler Arena,21,,Iowa on January 22 7:00 PM,7:00 PM,MICH.,12707
158,165,michigan,1/25/2014,REG,Michigan State (3),Big Ten,W,80,75,,15,4,W 9,Breslin Events Center,21,,Michigan State on January 25 7:00 PM,7:00 PM,MICH.,14797
159,166,michigan,1/30/2014,REG,Purdue,Big Ten,W,75,66,,16,4,W 10,Crisler Arena,10,,Purdue on January 30 9:00 PM,9:00 PM,MICH.,12707
160,167,michigan,2/2/2014,REG,Indiana,Big Ten,L,52,63,,16,5,L 1,Assembly Hall,10,,Indiana on February 2 1:00 PM,1:00 PM,IND.,17472
161,168,michigan,2/5/2014,REG,Nebraska,Big Ten,W,79,50,,17,5,W 1,Crisler Arena,10,,Nebraska on February 5 6:30 PM,6:30 PM,MICH.,12707
162,169,michigan,2/8/2014,REG,Iowa (17),Big Ten,L,67,85,,17,6,L 1,Carver-Hawkeye Arena,10,,Iowa on February 8 1:00 PM,1:00 PM,IOWA,15400
163,170,michigan,2/11/2014,REG,Ohio State (22),Big Ten,W,70,60,,18,6,W 1,Value City Arena,15,,Ohio State on February 11 9:00 PM,9:00 PM,OHIO,18809
164,171,michigan,2/16/2014,REG,Wisconsin (21),Big Ten,L,62,75,,18,7,L 1,Crisler Arena,15,,Wisconsin on February 16 1:00 PM,1:00 PM,MICH.,12707
165,172,michigan,2/23/2014,REG,Michigan State (13),Big Ten,W,79,70,,19,7,W 1,Crisler Arena,20,,Michigan State on February 23 12:00 PM,12:00 PM,MICH.,12707
166,173,michigan,2/26/2014,REG,Purdue,Big Ten,W,77,76,OT,20,7,W 2,Mackey Arena,16,,Purdue on February 26 7:00 PM,7:00 PM,IND.,13821
167,174,michigan,3/1/2014,REG,Minnesota,Big Ten,W,66,56,,21,7,W 3,Crisler Arena,16,,Minnesota on March 1 6:00 PM,6:00 PM,MICH.,12707
168,175,michigan,3/4/2014,REG,Illinois,Big Ten,W,84,53,,22,7,W 4,Assembly Hall,12,,Illinois on March 4 6:00 PM,6:00 PM,ILL.,16618
169,176,michigan,3/8/2014,REG,Indiana,Big Ten,W,84,80,,23,7,W 5,Crisler Arena,12,,Indiana on March 8 6:00 PM,6:00 PM,MICH.,12707
170,178,michigan,3/14/2014,CTOURN,Illinois,Big Ten,W,64,63,,24,7,W 6,Conseco Fieldhouse,8,,Illinois (#9) on March 14 12:00 PM,12:00 PM,IND.,18596
171,179,michigan,3/15/2014,CTOURN,Ohio State (24),Big Ten,W,72,69,,25,7,W 7,,8,,Ohio State (#5) on March 15 1:40 PM,1:40 PM,IND.,18626
172,180,michigan,3/16/2014,CTOURN,Michigan State (22),Big Ten,L,55,69,,25,8,L 1,Conseco Fieldhouse,8,,Michigan State (#3) on March 16 3:30 PM,3:30 PM,IND.,18582
173,182,michigan,3/20/2014,NCAA,Wofford,Southern,W,57,40,,26,8,W 1,Bradley Center,,,Wofford (#15) on March 20 6:10 PM,6:10 PM,WIS.,17331
174,183,michigan,3/22/2014,NCAA,Texas,Big 12,W,79,65,,27,8,W 2,Bradley Center,,,Texas (#7) on March 22 4:15 PM,4:15 PM,WIS.,18206
175,184,michigan,3/28/2014,NCAA,Tennessee,SEC,W,73,71,,28,8,W 3,Lucas Oil Stadium,,,Tennessee (#11) on March 28 7:15 PM,7:15 PM,IND.,41072
176,185,michigan,3/30/2014,NCAA,Kentucky,SEC,L,72,75,,28,9,L 1,Lucas Oil Stadium,,,Kentucky (#8) on March 30 5:05 PM,5:05 PM,IND.,35551
177,186,michigan,11/15/2014,REG,Hillsdale,,W,92,68,,1,0,W 1,Crisler Arena,24,2:00p,Hillsdale College on November 15 2:00 PM,2:00 PM,MICH.,12707
178,187,michigan,11/17/2014,REG,Bucknell,Patriot,W,77,53,,2,0,W 2,Crisler Arena,24,8:00p,Bucknell on November 17 8:00 PM,8:00 PM,MICH.,12181
179,188,michigan,11/20/2014,REG,Detroit Mercy,Horizon,W,71,62,,3,0,W 3,Crisler Arena,24,6:00p,Detroit on November 20 6:00 PM,6:00 PM,MICH.,11812
180,189,michigan,11/24/2014,REG,Oregon,Pac-12,W,70,63,,4,0,W 4,Barclays Center,19,9:45p,Oregon on November 24 9:00 PM,9:00 PM,N.Y.,8465
181,190,michigan,11/25/2014,REG,Villanova (12),Big East,L,55,60,,4,1,L 1,Barclays Center,19,10:15p,Villanova on November 25 10:00 PM,10:00 PM,N.Y.,8093
182,191,michigan,11/29/2014,REG,Nicholls State,Southland,W,91,62,,5,1,W 1,Crisler Arena,19,4:00p,Nicholls State on November 29 4:00 PM,4:00 PM,MICH.,11139
183,192,michigan,12/2/2014,REG,Syracuse,ACC,W,68,65,,6,1,W 2,Crisler Arena,17,7:30p,Syracuse on December 2 7:30 PM,7:30 PM,MICH.,12707
184,193,michigan,12/6/2014,REG,NJIT,Ind,L,70,72,,6,2,L 1,Crisler Arena,17,12:00p,NJIT on December 6 12:00 PM,12:00 PM,MICH.,12226
185,194,michigan,12/9/2014,REG,Eastern Michigan,MAC,L,42,45,,6,3,L 2,Crisler Arena,-,9:00p,Eastern Michigan on December 9 9:00 PM,9:00 PM,MICH.,11926
186,195,michigan,12/13/2014,REG,Arizona (3),Pac-12,L,53,80,,6,4,L 3,McKale Center,-,5:15p,Arizona on December 13 3:25 PM,3:25 PM,ARIZ.,14655
187,196,michigan,12/20/2014,REG,Southern Methodist,AAC,L,51,62,,6,5,L 4,Crisler Arena,-,12:00p,SMU on December 20 12:00 PM,12:00 PM,MICH.,12221
188,197,michigan,12/22/2014,REG,Coppin State,MEAC,W,72,56,,7,5,W 1,Crisler Arena,-,8:00p,Coppin State on December 22 8:00 PM,8:00 PM,MICH.,11989
189,198,michigan,12/30/2014,REG,Illinois,Big Ten,W,73,65,OT,8,5,W 2,Crisler Arena,-,3:00p,Illinois on December 30 3:00 PM,3:00 PM,MICH.,12707
190,199,michigan,1/3/2015,REG,Purdue,Big Ten,L,51,64,,8,6,L 1,Mackey Arena,-,2:15p,Purdue on January 3 2:15 PM,2:15 PM,IND.,11271
191,200,michigan,1/6/2015,REG,Penn State,Big Ten,W,73,64,,9,6,W 1,Bryce Jordan Center,-,7:00p,Penn State on January 6 7:00 PM,7:00 PM,PA.,5342
192,201,michigan,1/10/2015,REG,Minnesota,Big Ten,W,62,57,,10,6,W 2,Crisler Arena,-,1:00p,Minnesota on January 10 1:00 PM,1:00 PM,MICH.,12707
193,202,michigan,1/13/2015,REG,Ohio State,Big Ten,L,52,71,,10,7,L 1,Value City Arena,-,7:00p,Ohio State on January 13 7:00 PM,7:00 PM,OHIO,15548
194,203,michigan,1/17/2015,REG,Northwestern,Big Ten,W,56,54,,11,7,W 1,Crisler Arena,-,8:15p,Northwestern on January 17 8:15 PM,8:15 PM,MICH.,12707
195,204,michigan,1/20/2015,REG,Rutgers,Big Ten,W,54,50,,12,7,W 2,Louis Brown Athletic Center,-,6:30p,Rutgers on January 20 6:30 PM,6:30 PM,N.J.,7365
196,205,michigan,1/24/2015,REG,Wisconsin (6),Big Ten,L,64,69,OT,12,8,L 1,Crisler Arena,-,7:00p,Wisconsin on January 24 7:00 PM,7:00 PM,MICH.,12579
197,206,michigan,1/27/2015,REG,Nebraska,Big Ten,W,58,44,,13,8,W 1,Crisler Arena,-,7:00p,Nebraska on January 27 7:00 PM,7:00 PM,MICH.,12115
198,207,michigan,2/1/2015,REG,Michigan State,Big Ten,L,66,76,OT,13,9,L 1,Breslin Events Center,-,1:00p,Michigan State on February 1 1:00 PM,1:00 PM,MICH.,14797
199,208,michigan,2/5/2015,REG,Iowa,Big Ten,L,54,72,,13,10,L 2,Crisler Arena,-,7:00p,Iowa on February 5 7:00 PM,7:00 PM,MICH.,12490
200,209,michigan,2/8/2015,REG,Indiana,Big Ten,L,67,70,,13,11,L 3,Assembly Hall,-,1:00p,Indiana on February 8 1:00 PM,1:00 PM,IND.,17472
201,210,michigan,2/12/2015,REG,Illinois,Big Ten,L,52,64,OT,13,12,L 4,State Farm Center,-,9:00p,Illinois on February 12 8:00 PM,8:00 PM,ILL.,17087
202,211,michigan,2/17/2015,REG,Michigan State,Big Ten,L,67,80,,13,13,L 5,Crisler Arena,-,9:00p,Michigan State on February 17 9:00 PM,9:00 PM,MICH.,12502
203,212,michigan,2/22/2015,REG,Ohio State (24),Big Ten,W,64,57,,14,13,W 1,Crisler Arena,-,1:00p,Ohio State on February 22 1:00 PM,1:00 PM,MICH.,12618
204,213,michigan,2/28/2015,REG,Maryland (14),Big Ten,L,56,66,,14,14,L 1,Xfinity Center,-,12:00p,Maryland on February 28 12:00 PM,12:00 PM,MD.,17950
205,214,michigan,3/3/2015,REG,Northwestern,Big Ten,L,78,82,2OT,14,15,L 2,Welsh-Ryan Arena,-,9:00p,Northwestern on March 3 8:00 PM,8:00 PM,ILL.,7673
206,215,michigan,3/7/2015,REG,Rutgers,Big Ten,W,79,69,,15,15,W 1,Crisler Arena,-,2:15p,Rutgers on March 7 2:15 PM,2:15 PM,MICH.,12357
207,217,michigan,3/12/2015,CTOURN,Illinois,Big Ten,W,73,55,,16,15,W 2,United Center,-,12:00p,Illinois (#8) on March 12 11:00 AM,11:00 AM,ILL.,16028
208,218,michigan,3/13/2015,CTOURN,Wisconsin (6),Big Ten,L,60,71,,16,16,L 1,United Center,-,12:00p,Wisconsin (#1) on March 13 11:00 AM,11:00 AM,ILL.,17290
209,219,michigan,11/13/2015,REG,Northern Michigan,,W,70,44,,1,0,W 1,Crisler Arena,25,7:00p,Northern Michigan on November 13 7:00 PM,7:00 PM,MICH.,10267
210,220,michigan,11/16/2015,REG,Elon,CAA,W,88,68,,2,0,W 2,Crisler Arena,24,7:00p,Elon on November 16 7:00 PM,7:00 PM,MICH.,9716
211,221,michigan,11/20/2015,REG,Xavier,Big East,L,70,86,,2,1,L 1,Crisler Arena,24,9:00p,Xavier on November 20 9:00 PM,9:00 PM,MICH.,11967
212,222,michigan,11/25/2015,REG,Connecticut (18),AAC,L,60,74,,2,2,L 2,Imperial Arena at Atlantis Resort,-,9:30p,Connecticut on November 25 9:30 PM,9:30 PM,BAHAMAS,2491
213,223,michigan,11/26/2015,REG,Charlotte,CUSA,W,102,47,,3,2,W 1,Imperial Arena at Atlantis Resort,-,9:30p,Charlotte on November 26 9:30 PM,9:30 PM,BAHAMAS,1339
214,224,michigan,11/27/2015,REG,Texas,Big 12,W,78,72,,4,2,W 2,Imperial Arena at Atlantis Resort,-,7:00p,Texas on November 27 7:00 PM,7:00 PM,BAHAMAS,1357
215,225,michigan,12/1/2015,REG,NC State,ACC,W,66,59,,5,2,W 3,PNC Arena,-,7:00p,North Carolina State on December 1 7:00 PM,7:00 PM,N.C.,17645
216,226,michigan,12/5/2015,REG,Houston Baptist,Southland,W,82,57,,6,2,W 4,Crisler Arena,-,2:00p,Houston Baptist on December 5 2:00 PM,2:00 PM,MICH.,11399
217,227,michigan,12/8/2015,REG,Southern Methodist (19),AAC,L,58,82,,6,3,L 1,Moody Coliseum ,-,9:00p,SMU on December 8 8:00 PM,8:00 PM,TEXAS,7245
218,228,michigan,12/12/2015,REG,Delaware State,MEAC,W,80,33,,7,3,W 1,Crisler Arena,-,12:00p,Delaware State on December 12 12:00 PM,12:00 PM,MICH.,10599
219,229,michigan,12/15/2015,REG,Northern Kentucky,Horizon,W,77,62,,8,3,W 2,Crisler Arena,-,7:00p,Northern Kentucky on December 15 7:00 PM,7:00 PM,MICH.,10424
220,230,michigan,12/19/2015,REG,Youngstown State,Horizon,W,105,46,,9,3,W 3,Crisler Arena,-,6:00p,Youngstown State on December 19 6:00 PM,6:00 PM,MICH.,10752
221,231,michigan,12/23/2015,REG,Bryant,NEC,W,96,60,,10,3,W 4,Crisler Arena,-,7:00p,Bryant on December 23 7:00 PM,7:00 PM,MICH.,11491
222,232,michigan,12/30/2015,REG,Illinois,Big Ten,W,78,68,,11,3,W 5,State Farm Center,-,3:00p,Illinois on December 30 2:00 PM,2:00 PM,ILL.,13974
223,233,michigan,1/2/2016,REG,Penn State,Big Ten,W,79,56,,12,3,W 6,Crisler Arena,-,12:00p,Penn State on January 2 12:00 PM,12:00 PM,MICH.,12707
224,234,michigan,1/7/2016,REG,Purdue (20),Big Ten,L,70,87,,12,4,L 1,Mackey Arena,-,7:00p,Purdue on January 7 7:00 PM,7:00 PM,IND.,13063
225,235,michigan,1/12/2016,REG,Maryland (3),Big Ten,W,70,67,,13,4,W 1,Crisler Arena,-,9:00p,Maryland on January 12 9:00 PM,9:00 PM,MICH.,12327
226,236,michigan,1/17/2016,REG,Iowa (16),Big Ten,L,71,82,,13,5,L 1,Carver-Hawkeye Arena,-,4:30p,Iowa on January 17 3:30 PM,3:30 PM,IOWA,15400
227,237,michigan,1/20/2016,REG,Minnesota,Big Ten,W,74,69,,14,5,W 1,Crisler Arena,-,8:30p,Minnesota on January 20 8:30 PM,8:30 PM,MICH.,11726
228,238,michigan,1/23/2016,REG,Nebraska,Big Ten,W,81,68,,15,5,W 2,Pinnacle Bank Arena,-,2:00p,Nebraska on January 23 1:00 PM,1:00 PM,NEB.,15745
229,239,michigan,1/27/2016,REG,Rutgers,Big Ten,W,68,57,,16,5,W 3,Crisler Arena,-,7:00p,Rutgers on January 27 7:00 PM,7:00 PM,MICH.,11519
230,240,michigan,1/30/2016,REG,Penn State,Big Ten,W,79,72,,17,5,W 4,Madison Square Garden (IV),-,12:00p,Penn State on January 30 12:00 PM,12:00 PM,N.Y.,12108
231,241,michigan,2/2/2016,REG,Indiana (22),Big Ten,L,67,80,,17,6,L 1,Crisler Arena,-,9:00p,Indiana on February 2 9:00 PM,9:00 PM,MICH.,12312
232,242,michigan,2/6/2016,REG,Michigan State (10),Big Ten,L,73,89,,17,7,L 2,Crisler Arena,-,2:00p,Michigan State on February 6 2:00 PM,2:00 PM,MICH.,12707
233,243,michigan,2/10/2016,REG,Minnesota,Big Ten,W,82,74,,18,7,W 1,Williams Arena,-,9:00p,Minnesota on February 10 8:00 PM,8:00 PM,MINN.,11137
234,244,michigan,2/13/2016,REG,Purdue (18),Big Ten,W,61,56,,19,7,W 2,Crisler Arena,-,2:00p,Purdue on February 13 2:00 PM,2:00 PM,MICH.,12707
235,245,michigan,2/16/2016,REG,Ohio State,Big Ten,L,66,76,,19,8,L 1,Value City Arena,-,7:00p,Ohio State on February 16 7:00 PM,7:00 PM,OHIO,17088
236,246,michigan,2/21/2016,REG,Maryland (6),Big Ten,L,82,86,,19,9,L 2,Xfinity Center,-,1:00p,Maryland on February 21 1:00 PM,1:00 PM,MD.,17950
237,247,michigan,2/24/2016,REG,Northwestern,Big Ten,W,72,63,,20,9,W 1,Crisler Arena,-,7:00p,Northwestern on February 24 7:00 PM,7:00 PM,MICH.,12071
238,248,michigan,2/28/2016,REG,Wisconsin,Big Ten,L,57,68,,20,10,L 1,Kohl Center,-,6:00p,Wisconsin on February 28 5:00 PM,5:00 PM,WIS.,17287
239,249,michigan,3/5/2016,REG,Iowa (16),Big Ten,L,61,71,,20,11,L 2,Crisler Arena,-,8:00p,Iowa on March 5 8:00 PM,8:00 PM,MICH.,12707
240,251,michigan,3/10/2016,CTOURN,Northwestern,Big Ten,W,72,70,OT,21,11,W 1,Bankers Life Fieldhouse,-,12:00p,Northwestern (#9) on March 10 12:00 PM,12:00 PM,IND.,15707
241,252,michigan,3/11/2016,CTOURN,Indiana (10),Big Ten,W,72,69,,22,11,W 2,Bankers Life Fieldhouse,-,12:00p,Indiana (#1) on March 11 12:00 PM,12:00 PM,IND.,18355
242,253,michigan,3/12/2016,CTOURN,Purdue (13),Big Ten,L,59,76,,22,12,L 1,Bankers Life Fieldhouse,-,1:00p,Purdue (#4) on March 12 1:00 PM,1:00 PM,IND.,18339
243,255,michigan,3/16/2016,NCAA,Tulsa,AAC,W,67,62,,23,12,W 1,University of Dayton Arena,,9:10p,Tulsa (#11) on March 16 9:10 PM,9:10 PM,OHIO,12582
244,256,michigan,3/18/2016,NCAA,Notre Dame,ACC,L,63,70,,23,13,L 1,Barclays Center,,10:12p,Notre Dame (#6) on March 18 9:40 PM,9:40 PM,N.Y.,17502
245,257,michigan,11/11/2016,REG,Howard,MEAC,W,76,58,,1,0,W 1,Crisler Arena,-,9:00p,Howard on November 11 9:00 PM,9:00 PM,MICH.,10094
246,258,michigan,11/13/2016,REG,IUPUI,Summit,W,77,65,,2,0,W 2,Crisler Arena,-,12:00p,IUPUI on November 13 12:00 PM,12:00 PM,MICH.,10812
247,259,michigan,11/17/2016,REG,Marquette,Big East,W,79,61,,3,0,W 3,Madison Square Garden (IV),-,9:30p,Marquette on November 17 9:30 PM,9:30 PM,N.Y.,8126
248,260,michigan,11/18/2016,REG,Southern Methodist,AAC,W,76,54,,4,0,W 4,Madison Square Garden (IV),-,7:00p,SMU on November 18 7:00 PM,7:00 PM,N.Y.,8088
249,261,michigan,11/23/2016,REG,South Carolina,SEC,L,46,61,,4,1,L 1,The Colonial Life Arena,25,5:00p,South Carolina on November 23 5:00 PM,5:00 PM,S.C.,13051
250,262,michigan,11/26/2016,REG,Mount St. Mary's,NEC,W,64,47,,5,1,W 1,Crisler Arena,25,7:00p,Mount St. Mary's on November 26 7:00 PM,7:00 PM,MICH.,9410
251,263,michigan,11/30/2016,REG,Virginia Tech,ACC,L,70,73,,5,2,L 1,Crisler Arena,-,7:15p,Virginia Tech on November 30 7:00 PM,7:00 PM,MICH.,9981
252,264,michigan,12/3/2016,REG,Kennesaw State,A-Sun,W,82,55,,6,2,W 1,Crisler Arena,-,1:00p,Kennesaw State on December 3 1:00 PM,1:00 PM,MICH.,10687
253,265,michigan,12/6/2016,REG,Texas,Big 12,W,53,50,,7,2,W 2,Crisler Arena,-,9:00p,Texas on December 6 9:00 PM,9:00 PM,MICH.,10613
254,266,michigan,12/10/2016,REG,UCLA (2),Pac-12,L,84,102,,7,3,L 1,Pauley Pavilion,-,8:00p,UCLA on December 10 5:00 PM,5:00 PM,CALIF.,13571
255,267,michigan,12/13/2016,REG,Central Arkansas,Southland,W,97,53,,8,3,W 1,Crisler Arena,-,9:00p,Central Arkansas on December 13 9:00 PM,9:00 PM,MICH.,9486
256,268,michigan,12/17/2016,REG,Maryland-Eastern Shore,MEAC,W,98,49,,9,3,W 2,Crisler Arena,-,3:00p,Maryland Eastern Shore on December 17 3:00 PM,3:00 PM,MICH.,12020
257,269,michigan,12/22/2016,REG,Furman,Southern,W,68,62,,10,3,W 3,Crisler Arena,-,7:00p,Furman on December 22 7:00 PM,7:00 PM,MICH.,10634
258,270,michigan,1/1/2017,REG,Iowa,Big Ten,L,83,86,OT,10,4,L 1,Carver-Hawkeye Arena,-,2:15p,Iowa on January 1 1:15 PM,1:15 PM,IOWA,13988
259,271,michigan,1/4/2017,REG,Penn State,Big Ten,W,72,69,,11,4,W 1,Crisler Arena,-,8:30p,Penn State on January 4 8:30 PM,8:30 PM,MICH.,11385
260,272,michigan,1/7/2017,REG,Maryland,Big Ten,L,70,77,,11,5,L 1,Crisler Arena,-,3:15p,Maryland on January 7 3:15 PM,3:15 PM,MICH.,11527
261,273,michigan,1/11/2017,REG,Illinois,Big Ten,L,69,85,,11,6,L 2,State Farm Center,-,9:00p,Illinois on January 11 8:00 PM,8:00 PM,ILL.,11404
262,274,michigan,1/14/2017,REG,Nebraska,Big Ten,W,91,85,,12,6,W 1,Crisler Arena,-,2:00p,Nebraska on January 14 2:00 PM,2:00 PM,MICH.,11145
263,275,michigan,1/17/2017,REG,Wisconsin (17),Big Ten,L,64,68,,12,7,L 1,Kohl Center,-,9:00p,Wisconsin on January 17 8:00 PM,8:00 PM,WIS.,17287
264,276,michigan,1/21/2017,REG,Illinois,Big Ten,W,66,57,,13,7,W 1,Crisler Arena,-,2:15p,Illinois on January 21 2:15 PM,2:15 PM,MICH.,12234
265,277,michigan,1/26/2017,REG,Indiana,Big Ten,W,90,60,,14,7,W 2,Crisler Arena,-,9:00p,Indiana on January 26 9:00 PM,9:00 PM,MICH.,11267
266,278,michigan,1/29/2017,REG,Michigan State,Big Ten,L,62,70,,14,8,L 1,Breslin Events Center,-,1:00p,Michigan State on January 29 1:00 PM,1:00 PM,MICH.,14797
267,279,michigan,2/4/2017,REG,Ohio State,Big Ten,L,66,70,,14,9,L 2,Crisler Arena,-,6:00p,Ohio State on February 4 6:00 PM,6:00 PM,MICH.,12196
268,280,michigan,2/7/2017,REG,Michigan State,Big Ten,W,86,57,,15,9,W 1,Crisler Arena,-,9:00p,Michigan State on February 7 9:00 PM,9:00 PM,MICH.,11864
269,281,michigan,2/12/2017,REG,Indiana,Big Ten,W,75,63,,16,9,W 2,Assembly Hall,-,1:00p,Indiana on February 12 1:00 PM,1:00 PM,IND.,17222
270,282,michigan,2/16/2017,REG,Wisconsin (11),Big Ten,W,64,58,,17,9,W 3,Crisler Arena,-,7:00p,Wisconsin on February 16 7:00 PM,7:00 PM,MICH.,12128
271,283,michigan,2/19/2017,REG,Minnesota,Big Ten,L,78,83,OT,17,10,L 1,Williams Arena,-,7:00p,Minnesota on February 19 6:00 PM,6:00 PM,MINN.,12091
272,284,michigan,2/22/2017,REG,Rutgers,Big Ten,W,68,64,,18,10,W 1,Louis Brown Athletic Center,-,6:30p,Rutgers on February 22 6:30 PM,6:30 PM,N.J.,5369
273,285,michigan,2/25/2017,REG,Purdue (14),Big Ten,W,82,70,,19,10,W 2,Crisler Arena,-,4:00p,Purdue on February 25 4:00 PM,4:00 PM,MICH.,12707
274,286,michigan,3/1/2017,REG,Northwestern,Big Ten,L,65,67,,19,11,L 1,Welsh-Ryan Arena,-,7:00p,Northwestern on March 1 6:00 PM,6:00 PM,ILL.,8117
275,287,michigan,3/5/2017,REG,Nebraska,Big Ten,W,93,57,,20,11,W 1,Pinnacle Bank Arena,-,8:00p,Nebraska on March 5 7:00 PM,7:00 PM,NEB.,15293
276,289,michigan,3/9/2017,CTOURN,Illinois,Big Ten,W,75,55,,21,11,W 2,Verizon Center,-,12:00p,Illinois (#9) on March 9 12:20 PM,12:20 PM,D.C.,12189
277,290,michigan,3/10/2017,CTOURN,Purdue (13),Big Ten,W,74,70,OT,22,11,W 3,Verizon Center,-,12:00p,Purdue (#1) on March 10 12:00 PM,12:00 PM,D.C.,12334
278,291,michigan,3/11/2017,CTOURN,Minnesota,Big Ten,W,84,77,,23,11,W 4,Verizon Center,-,1:00p,Minnesota (#4) on March 11 1:00 PM,1:00 PM,D.C.,13984
279,292,michigan,3/12/2017,CTOURN,Wisconsin (24),Big Ten,W,71,56,,24,11,W 5,Verizon Center,-,3:00p,Wisconsin (#2) on March 12 3:00 PM,3:00 PM,D.C.,12902
280,294,michigan,3/17/2017,NCAA,Oklahoma State,Big 12,W,92,91,,25,11,W 6,Bankers Life Fieldhouse,,12:15p,Oklahoma State (#10) on March 17 12:15 PM,12:15 PM,IND.,18255
281,295,michigan,3/19/2017,NCAA,Louisville (10),ACC,W,73,69,,26,11,W 7,Bankers Life Fieldhouse,,12:10p,Louisville (#2) on March 19 12:10 PM,12:10 PM,IND.,18293
282,296,michigan,3/23/2017,NCAA,Oregon (9),Pac-12,L,68,69,,26,12,L 1,Sprint Center,,7:09p,Oregon (#3) on March 23 6:09 PM,6:09 PM,MO.,18475
283,297,michigan,11/11/2017,REG,North Florida,A-Sun,W,86,66,,1,0,W 1,Crisler Arena,-,7:30p,North Florida on November 11 7:30 PM,7:30 PM,MICH.,9916
284,298,michigan,11/13/2017,REG,Central Michigan,MAC,W,72,65,,2,0,W 2,Crisler Arena,-,7:00p,Central Michigan on November 13 7:00 PM,7:00 PM,MICH.,8951
285,299,michigan,11/16/2017,REG,Southern Mississippi,CUSA,W,61,47,,3,0,W 3,Crisler Arena,-,7:00p,Southern Mississippi on November 16 7:00 PM,7:00 PM,MICH.,8765
286,300,michigan,11/20/2017,REG,Louisiana State,SEC,L,75,77,,3,1,L 1,Lahaina Civic Center,-,11:00p,LSU on November 20 6:30 PM HT,6:30 PM,HAWAI'I,2400
287,301,michigan,11/21/2017,REG,Chaminade,,W,102,64,,4,1,W 1,Lahaina Civic Center,-,8:00p,Chaminade on November 21 3:00 PM HT,3:00 PM,HAWAI'I,2400
288,302,michigan,11/22/2017,REG,Virginia Commonwealth,A-10,W,68,60,,5,1,W 2,Lahaina Civic Center,-,5:00p,VCU on November 22 Noon HT,Noon,HAWAI'I,2400
289,303,michigan,11/26/2017,REG,UC Riverside,Big West,W,87,42,,6,1,W 3,Crisler Arena,-,4:00p,UC Riverside on November 26 4:00 PM,4:00 PM,MICH.,9841
290,304,michigan,11/29/2017,REG,North Carolina (13),ACC,L,71,86,,6,2,L 1,Dean Smith Center,-,7:30p,North Carolina on November 29 7:30 PM,7:30 PM,N.C.,19036
291,305,michigan,12/2/2017,REG,Indiana,Big Ten,W,69,55,,7,2,W 1,Crisler Arena,-,12:30p,Indiana on December 2 12:30 PM,12:30 PM,MICH.,11661
292,306,michigan,12/4/2017,REG,Ohio State,Big Ten,L,62,71,,7,3,L 1,Value City Arena,-,6:30p,Ohio State on December 4 6:30 PM,6:30 PM,OHIO,12546
293,307,michigan,12/9/2017,REG,UCLA,Pac-12,W,78,69,OT,8,3,W 1,Crisler Arena,-,12:00p,UCLA on December 9 Noon,Noon,MICH.,12137
294,308,michigan,12/12/2017,REG,Texas,Big 12,W,59,52,,9,3,W 2,Frank Erwin Center,-,9:00p,Texas on December 12 8:00 PM CT,8:00 PM,TEXAS,12504
295,309,michigan,12/16/2017,REG,Detroit Mercy,Horizon,W,90,58,,10,3,W 3,Little Caesars Arena,-,12:00p,Detroit on December 16 Noon,Noon,MICH. (LITTLE CAESARS ARENA),20645
296,310,michigan,12/21/2017,REG,Alabama A&M,SWAC,W,97,47,,11,3,W 4,Crisler Arena,-,9:00p,Alabama A&M on December 21 9:00 PM,9:00 PM,MICH.,9325
297,311,michigan,12/30/2017,REG,Jacksonville,A-Sun,W,76,51,,12,3,W 5,Crisler Arena,-,6:00p,Jacksonville on December 30 6:00 PM,6:00 PM,MICH.,12707
298,312,michigan,1/2/2018,REG,Iowa,Big Ten,W,75,68,,13,3,W 6,Carver-Hawkeye Arena,-,7:00p,Iowa on January 2 6:00 PM CT,6:00 PM,IOWA,11363
299,313,michigan,1/6/2018,REG,Illinois,Big Ten,W,79,69,,14,3,W 7,Crisler Arena,-,12:00p,Illinois on January 6 Noon,Noon,MICH.,11888
300,314,michigan,1/9/2018,REG,Purdue (5),Big Ten,L,69,70,,14,4,L 1,Crisler Arena,-,9:00p,Purdue on January 9 9:00 PM,9:00 PM,MICH.,10164
301,315,michigan,1/13/2018,REG,Michigan State (4),Big Ten,W,82,72,,15,4,W 1,Breslin Events Center,-,12:00p,Michigan State on January 13 Noon,Noon,MICH.,14797
302,316,michigan,1/15/2018,REG,Maryland,Big Ten,W,68,67,,16,4,W 2,Crisler Arena,23,6:30p,Maryland on January 15 6:30 PM,6:30 PM,MICH.,10545
303,317,michigan,1/18/2018,REG,Nebraska,Big Ten,L,52,72,,16,5,L 1,Pinnacle Bank Arena,23,9:00p,Nebraska on January 18 8:00 PM CT,8:00 PM,NEB.,15794
304,318,michigan,1/21/2018,REG,Rutgers,Big Ten,W,62,47,,17,5,W 1,Crisler Arena,23,12:00p,Rutgers on January 21 Noon,Noon,MICH.,11582
305,319,michigan,1/25/2018,REG,Purdue (3),Big Ten,L,88,92,,17,6,L 1,Mackey Arena,25,7:00p,Purdue on January 25 7:00 PM,7:00 PM,IND.,14804
306,320,michigan,1/29/2018,REG,Northwestern,Big Ten,W,58,47,,18,6,W 1,Crisler Arena,24,7:00p,Northwestern on January 29 7:00 PM,7:00 PM,MICH.,10879
307,321,michigan,2/3/2018,REG,Minnesota,Big Ten,W,76,73,OT,19,6,W 2,Crisler Arena,24,2:30p,Minnesota on February 3 2:30 PM,2:30 PM,MICH.,12707
308,322,michigan,2/6/2018,REG,Northwestern,Big Ten,L,52,61,,19,7,L 1,Allstate Arena,20,7:00p,Northwestern on February 6 6:00 PM CT,6:00 PM,ILL.,7457
309,323,michigan,2/11/2018,REG,Wisconsin,Big Ten,W,83,72,,20,7,W 1,Kohl Center,20,1:00p,Wisconsin on February 11 Noon CT,Noon,WIS.,17287
310,324,michigan,2/14/2018,REG,Iowa,Big Ten,W,74,59,,21,7,W 2,Crisler Arena,22,6:30p,Iowa on February 14 6:30 PM,6:30 PM,MICH.,10173
311,325,michigan,2/18/2018,REG,Ohio State (8),Big Ten,W,74,62,,22,7,W 3,Crisler Arena,22,1:00p,Ohio State on February 18 1:00 PM,1:00 PM,MICH.,12707
312,326,michigan,2/21/2018,REG,Penn State,Big Ten,W,72,63,,23,7,W 4,Bryce Jordan Center,17,7:00p,Penn State on February 21 7:00 PM,7:00 PM,PA.,13586
313,327,michigan,2/24/2018,REG,Maryland,Big Ten,W,85,61,,24,7,W 5,Xfinity Center,17,12:00p,Maryland on February 24 Noon,Noon,MD.,17415
314,329,michigan,3/1/2018,CTOURN,Iowa,Big Ten,W,77,71,OT,25,7,W 6,Madison Square Garden (IV),15,2:25p,Iowa on March 1 2:30 PM,2:30 PM,N.Y.,13815
315,330,michigan,3/2/2018,CTOURN,Nebraska,Big Ten,W,77,58,,26,7,W 7,Madison Square Garden (IV),15,2:30p,Nebraska on March 2 2:30 PM,2:30 PM,N.Y.,14260
316,331,michigan,3/3/2018,CTOURN,Michigan State (2),Big Ten,W,75,64,,27,7,W 8,Madison Square Garden (IV),15,2:00p,Michigan State on March 3 2:00 PM,2:00 PM,N.Y.,19812
317,332,michigan,3/4/2018,CTOURN,Purdue (8),Big Ten,W,75,66,,28,7,W 9,Madison Square Garden (IV),15,4:30p,Purdue on March 4 4:30 PM,4:30 PM,N.Y.,15063
318,334,michigan,3/15/2018,NCAA,Montana,Big Sky,W,61,47,,29,7,W 10,Intrust Bank Arena,,9:50p,Montana on March 15 8:50 PM CT,8:50 PM,KAN.,14019
319,335,michigan,3/17/2018,NCAA,Houston (21),AAC,W,64,63,,30,7,W 11,Intrust Bank Arena,,9:40p,Houston on March 17 8:40 PM CT,8:40 PM,KAN.,14385
320,336,michigan,3/22/2018,NCAA,Texas A&M,SEC,W,99,72,,31,7,W 12,Staples Center,,7:37p,Texas A&M on March 22 4:37 PM PT,4:37 PM,CALIF.,19181
321,337,michigan,3/24/2018,NCAA,Florida State,ACC,W,58,54,,32,7,W 13,Staples Center,,8:49p,Florida State on March 24 5:49 PM PT,5:49 PM,CALIF.,19665
322,338,michigan,3/31/2018,NCAA,Loyola (IL),MVC,W,69,57,,33,7,W 14,Alamodome,,6:09p,Loyola Chicago on March 31 5:09 PM CT,5:09 PM,TEXAS,68257
323,339,michigan,4/2/2018,NCAA,Villanova (2),Big East,L,62,79,,33,8,L 1,Alamodome,,9:20p,Villanova on April 2 8:19 PM CT,8:19 PM,TEXAS,67831
324,340,michigan,11/6/2018,REG,Norfolk State,MEAC,W,63,44,,1,0,W 1,Crisler Arena,19,8:30p,Norfolk State on November 6 8:30 PM,8:30 PM,MICH.,10109
325,341,michigan,11/10/2018,REG,Holy Cross,Patriot,W,56,37,,2,0,W 2,Crisler Arena,19,7:30p,Holy Cross on November 10 7:30 PM,7:30 PM,MICH.,12355
326,342,michigan,11/14/2018,REG,Villanova (8),Big East,W,73,46,,3,0,W 3,Finneran Pavilion,18,6:30p,Villanova on November 14 6:30 p.m.,6:30 PM,PA.,6501
327,343,michigan,11/17/2018,REG,George Washington,A-10,W,84,61,,4,0,W 4,Mohegan Sun Arena,18,12:00p,George Washington on November 17 Noon,Noon,CONN.,6825
328,344,michigan,11/18/2018,REG,Providence,Big East,W,66,47,,5,0,W 5,Mohegan Sun Arena,18,1:30p,Providence on November 18 1:30 PM,1:30 PM,CONN.,12010
329,345,michigan,11/23/2018,REG,Chattanooga,Southern,W,83,55,,6,0,W 6,Crisler Arena,9,4:00p,Chattanooga on November 23 4:00 PM,4:00 PM,MICH.,
330,346,michigan,11/28/2018,REG,North Carolina (11),ACC,W,84,67,,7,0,W 7,Crisler Arena,7,9:30p,North Carolina on November 28 9:30 PM,9:30 PM,MICH.,12707
331,347,michigan,12/1/2018,REG,Purdue (19),Big Ten,W,76,57,,8,0,W 8,Crisler Arena,7,3:30p,Purdue on December 1 3:30 PM,3:30 PM,MICH.,12707
332,348,michigan,12/4/2018,REG,Northwestern,Big Ten,W,62,60,,9,0,W 9,Welsh-Ryan Arena,5,9:00p,Northwestern on December 4 8:00 PM CT,8:00 PM,ILL.,7039
333,349,michigan,12/8/2018,REG,South Carolina,SEC,W,89,78,,10,0,W 10,Crisler Arena,5,12:00p,South Carolina on December 8 Noon,Noon,MICH.,12707
334,350,michigan,12/15/2018,REG,Western Michigan,MAC,W,70,62,,11,0,W 11,Crisler Arena,5,2:00p,Western Michigan on December 15 2:00 PM,2:00 PM,MICH.,12707
335,351,michigan,12/22/2018,REG,Air Force,MWC,W,71,50,,12,0,W 12,Crisler Arena,4,4:00p,Air Force on December 22 4:00 PM,4:00 PM,MICH.,12707
336,352,michigan,12/30/2018,REG,Binghamton,AEC,W,74,52,,13,0,W 13,Crisler Arena,2,12:00p,Binghamton on December 30 Noon,Noon,MICH.,12707
337,353,michigan,1/3/2019,REG,Penn State,Big Ten,W,68,55,,14,0,W 14,Crisler Arena,2,7:00p,Penn State on January 3 7:00 PM,7:00 PM,MICH.,12707
338,354,michigan,1/6/2019,REG,Indiana (21),Big Ten,W,74,63,,15,0,W 15,Crisler Arena,2,4:30p,Indiana on January 6 4:30 PM,4:30 PM,MICH.,12707
339,355,michigan,1/10/2019,REG,Illinois,Big Ten,W,79,69,,16,0,W 16,State Farm Center,2,8:00p,Illinois on January 10 7:00 PM CT,7:00 PM,ILL.,10770
340,356,michigan,1/13/2019,REG,Northwestern,Big Ten,W,80,60,,17,0,W 17,Crisler Arena,2,7:30p,Northwestern on January 13 7:30 PM,7:30 PM,MICH.,12707
341,357,michigan,1/19/2019,REG,Wisconsin,Big Ten,L,54,64,,17,1,L 1,Kohl Center,2,12:00p,Wisconsin on January 19 11:00 AM CT,11:00 AM,WIS.,17287
342,358,michigan,1/22/2019,REG,Minnesota,Big Ten,W,59,57,,18,1,W 1,Crisler Arena,5,7:00p,Minnesota on January 22 7:00 PM,7:00 PM,MICH.,12707
343,359,michigan,1/25/2019,REG,Indiana,Big Ten,W,69,46,,19,1,W 2,Assembly Hall,5,6:30p,Indiana on January 25 6:30 PM,6:30 PM,IND.,17222
344,360,michigan,1/29/2019,REG,Ohio State,Big Ten,W,65,49,,20,1,W 3,Crisler Arena,5,9:00p,Ohio State on January 29 9:00 PM,9:00 PM,MICH.,12707
345,361,michigan,2/1/2019,REG,Iowa,Big Ten,L,59,74,,20,2,L 1,Carver-Hawkeye Arena,5,7:00p,Iowa on February 1 6:00 PM CT,6:00 PM,IOWA,15056
346,362,michigan,2/5/2019,REG,Rutgers,Big Ten,W,77,65,,21,2,W 1,Louis Brown Athletic Center,7,8:00p,Rutgers on February 5 8:00 PM,8:00 PM,N.J.,8000
347,363,michigan,2/9/2019,REG,Wisconsin (19),Big Ten,W,61,52,,22,2,W 2,Crisler Arena,7,12:00p,Wisconsin on February 9 Noon,Noon,MICH.,12707
348,364,michigan,2/12/2019,REG,Penn State,Big Ten,L,69,75,,22,3,L 1,Bryce Jordan Center,6,8:30p,Penn State on February 12 8:30 PM,8:30 PM,PA.,9120
349,365,michigan,2/16/2019,REG,Maryland (24),Big Ten,W,65,52,,23,3,W 1,Crisler Arena,6,12:00p,Maryland on February 16 Noon,Noon,MICH.,12707
350,366,michigan,2/21/2019,REG,Minnesota,Big Ten,W,69,60,,24,3,W 2,Williams Arena,7,7:00p,Minnesota on February 21 6:00 PM CT,6:00 PM,MINN.,11084
351,367,michigan,2/24/2019,REG,Michigan State (10),Big Ten,L,70,77,,24,4,L 1,Crisler Arena,7,3:45p,Michigan State on February 24 3:45 PM,3:45 PM,MICH.,12707
352,368,michigan,2/28/2019,REG,Nebraska,Big Ten,W,82,53,,25,4,W 1,Crisler Arena,9,7:00p,Nebraska on February 28 7:00 PM,7:00 PM,MICH.,12707
353,369,michigan,3/3/2019,REG,Maryland (17),Big Ten,W,69,62,,26,4,W 2,Xfinity Center,9,3:45p,Maryland on March 3 3:45 PM,3:45 PM,MD.,17950
354,370,michigan,3/9/2019,REG,Michigan State (9),Big Ten,L,63,75,,26,5,L 1,Breslin Events Center,7,8:00p,Michigan State on March 9 8:00 PM,8:00 PM,MICH.,14797
355,372,michigan,3/15/2019,CTOURN,Iowa,Big Ten,W,74,53,,27,5,W 1,United Center,10,9:25p,Iowa on March 15 8:30 PM CT,8:30 PM,ILL.,18575
356,373,michigan,3/16/2019,CTOURN,Minnesota,Big Ten,W,76,49,,28,5,W 2,United Center,10,3:30p,Minnesota on March 16 2:30 PM CT,2:30 PM,ILL.,18468
357,374,michigan,3/17/2019,CTOURN,Michigan State (6),Big Ten,L,60,65,,28,6,L 1,United Center,10,3:30p,Michigan State on March 17 2:30 PM CT,2:30 PM,ILL.,18615
358,376,michigan,3/21/2019,NCAA,Montana,Big Sky,W,74,55,,29,6,W 1,Wells Fargo Arena,,9:20p,Montana on March 21 8:20 PM CT,8:20 PM,IOWA,16360
359,377,michigan,3/23/2019,NCAA,Florida,SEC,W,64,49,,30,6,W 2,Wells Fargo Arena,,5:15p,Florida on March 23 4:15 PM CT,4:15 PM,IOWA,16770
360,378,michigan,3/28/2019,NCAA,Texas Tech (9),Big 12,L,44,63,,30,7,L 1,Honda Center,,9:39p,Texas Tech on March 28 6:39 PM PT,6:39 PM,CALIF.,16145
