,index,Unnamed: 0,school,gamedate,type,opponent,conf,result,team_points,opp_points,ot,w,l,streak,arena,rank,gametime,Game String,Start time,US State
0,361,379,michigan-state,2009-11-13,REG,Florida Gulf Coast,A-Sun,W,97,58,,1,0,W 1,Breslin Events Center,2,,FLORIDA GULF COAST,7:00 PM,MICH.
1,362,380,michigan-state,2009-11-17,REG,Gonzaga,WCC,W,75,71,,2,0,W 2,Breslin Events Center,2,,GONZAGA,8:00 PM,MICH.
2,363,381,michigan-state,2009-11-20,REG,Toledo,MAC,W,75,62,,3,0,W 3,Breslin Events Center,2,,TOLEDO,6:30 PM,MICH.
3,364,382,michigan-state,2009-11-22,REG,Valparaiso,Horizon,W,90,60,,4,0,W 4,Breslin Events Center,2,,VALPARAISO,12:00 PM,MICH.
4,365,383,michigan-state,2009-11-27,REG,Florida,SEC,L,74,77,,4,1,L 1,Boardwalk Hall,2,,FLORIDA,8:00 PM,N.J.
5,366,384,michigan-state,2009-11-28,REG,Massachusetts,A-10,W,106,68,,5,1,W 1,Boardwalk Hall,2,,MASSACHUSETTS,5:30 PM,N.J.
6,367,385,michigan-state,2009-12-01,REG,North Carolina (10),ACC,L,82,89,,5,2,L 1,Dean Smith Center,9,,NORTH CAROLINA (BIG TEN/ACC CHALLENGE),9:00 PM,N.C.
7,368,386,michigan-state,2009-12-04,REG,Wofford,Southern,W,72,60,,6,2,W 1,Breslin Events Center,9,,WOFFORD,7:00 PM,MICH.
8,369,387,michigan-state,2009-12-07,REG,The Citadel,Southern,W,69,56,,7,2,W 2,McAlister Field House,12,,THE CITADEL,7:00 PM,S.C.
9,370,388,michigan-state,2009-12-10,REG,Oakland,Summit,W,88,57,,8,2,W 3,Breslin Events Center,12,,OAKLAND,7:00 PM,MICH.
10,371,389,michigan-state,2009-12-19,REG,Purdue-Fort Wayne,Summit,W,80,58,,9,2,W 4,Breslin Events Center,12,,IPFW,12:00 PM,MICH.
11,372,390,michigan-state,2009-12-22,REG,Texas (2),Big 12,L,68,79,,9,3,L 1,Frank Erwin Center,9,,TEXAS,7:00 PM,TEXAS
12,373,391,michigan-state,2009-12-30,REG,UT Arlington,Southland,W,87,68,,10,3,W 1,Breslin Events Center,11,,TEXAS-ARLINGTON,7:00 PM,MICH.
13,374,392,michigan-state,2010-01-02,REG,Northwestern (25),Big Ten,W,91,70,,11,3,W 2,Welsh-Ryan Arena,11,,NORTHWESTERN,6:30 PM,ILL.
14,375,393,michigan-state,2010-01-06,REG,Wisconsin (17),Big Ten,W,54,47,,12,3,W 3,Breslin Events Center,10,,WISCONSIN,6:30 PM,MICH.
15,376,394,michigan-state,2010-01-09,REG,Iowa,Big Ten,W,71,53,,13,3,W 4,Carver-Hawkeye Arena,10,,IOWA,5:35 PM,IOWA
16,377,395,michigan-state,2010-01-13,REG,Minnesota,Big Ten,W,60,53,,14,3,W 5,Breslin Events Center,7,,MINNESOTA,6:30 PM,MICH.
17,378,396,michigan-state,2010-01-16,REG,Illinois,Big Ten,W,73,63,,15,3,W 6,Breslin Events Center,7,,ILLINOIS,3:30 PM,MICH.
18,379,397,michigan-state,2010-01-20,REG,Iowa,Big Ten,W,70,63,,16,3,W 7,Breslin Events Center,6,,IOWA,6:30 PM,MICH.
19,380,398,michigan-state,2010-01-23,REG,Minnesota,Big Ten,W,65,64,,17,3,W 8,Williams Arena,6,,MINNESOTA,12:00 PM,MINN.
20,381,399,michigan-state,2010-01-26,REG,Michigan,Big Ten,W,57,56,,18,3,W 9,Crisler Arena,5,,MICHIGAN,7:00 PM,MICH.
21,382,400,michigan-state,2010-01-30,REG,Northwestern,Big Ten,W,79,70,,19,3,W 10,Breslin Events Center,5,,NORTHWESTERN,7:00 PM,MICH.
22,383,401,michigan-state,2010-02-02,REG,Wisconsin (16),Big Ten,L,49,67,,19,4,L 1,Kohl Center,5,,WISCONSIN,9:00 PM,WIS.
23,384,402,michigan-state,2010-02-06,REG,Illinois,Big Ten,L,73,78,,19,5,L 2,Assembly Hall,5,,ILLINOIS,9:00 PM,ILL.
24,385,403,michigan-state,2010-02-09,REG,Purdue (6),Big Ten,L,64,76,,19,6,L 3,Breslin Events Center,10,,PURDUE,9:00 PM,MICH.
25,386,404,michigan-state,2010-02-13,REG,Penn State,Big Ten,W,65,54,,20,6,W 1,Bryce Jordan Center,10,,PENN STATE,12:00 PM,PA.
26,387,405,michigan-state,2010-02-16,REG,Indiana,Big Ten,W,72,58,,21,6,W 2,Assembly Hall,11,,INDIANA,7:00 PM,IND.
27,388,406,michigan-state,2010-02-21,REG,Ohio State (9),Big Ten,L,67,74,,21,7,L 1,Breslin Events Center,11,,OHIO STATE,12:00 PM,MICH.
28,389,407,michigan-state,2010-02-28,REG,Purdue (3),Big Ten,W,53,44,,22,7,W 1,Mackey Arena,14,,PURDUE,4:00 PM,IND.
29,390,408,michigan-state,2010-03-04,REG,Penn State,Big Ten,W,67,65,,23,7,W 2,Breslin Events Center,11,,PENN STATE,7:00 PM,MICH.
30,391,409,michigan-state,2010-03-07,REG,Michigan,Big Ten,W,64,48,,24,7,W 3,Breslin Events Center,11,,MICHIGAN,4:00 PM,MICH.
31,392,411,michigan-state,2010-03-12,CTOURN,Minnesota,Big Ten,L,67,72,OT,24,8,L 1,Conseco Fieldhouse,11,,MINNESOTA,9:00 PM,IND.
32,393,413,michigan-state,2010-03-19,NCAA,New Mexico State,WAC,W,70,67,,25,8,W 1,Spokane Veterans Memorial Arena,,,NEW MEXICO STATE,7:20 PM,WASH.
33,394,414,michigan-state,2010-03-21,NCAA,Maryland (20),ACC,W,85,83,,26,8,W 2,Spokane Veterans Memorial Arena,,,MARYLAND,2:30 PM,WASH.
34,395,415,michigan-state,2010-03-26,NCAA,Northern Iowa,MVC,W,59,52,,27,8,W 3,Edward Jones Dome,,,NORTHERN IOWA,9:37 PM,MO.
35,396,416,michigan-state,2010-03-28,NCAA,Tennessee (15),SEC,W,70,69,,28,8,W 4,Edward Jones Dome,,,TENNESSEE,2:20 PM,MO.
36,397,417,michigan-state,2010-04-03,NCAA,Butler (11),Horizon,L,50,52,,28,9,L 1,Lucas Oil Stadium,,,BUTLER,6:07 PM,IND.
37,398,418,michigan-state,2010-11-12,REG,Eastern Michigan,MAC,W,96,66,,1,0,W 1,Breslin Events Center,2,,EASTERN MICHIGAN,8:30 PM,MICH.
38,399,419,michigan-state,2010-11-16,REG,South Carolina,SEC,W,82,73,,2,0,W 2,Breslin Events Center,2,,SOUTH CAROLINA,10:00 PM,MICH.
39,400,420,michigan-state,2010-11-22,REG,Chaminade,,W,82,74,,3,0,W 3,Lahaina Civic Center,2,,CHAMINADE,9:30 PM,HAWAI'I
40,401,421,michigan-state,2010-11-23,REG,Connecticut,Big East,L,67,70,,3,1,L 1,Lahaina Civic Center,2,,CONNECTICUT,7:00 PM,HAWAI'I
41,402,422,michigan-state,2010-11-24,REG,Washington (13),Pac-10,W,76,71,,4,1,W 1,Lahaina Civic Center,2,,WASHINGTON,5:00 PM,HAWAI'I
42,403,423,michigan-state,2010-11-28,REG,Tennessee Tech,OVC,W,73,55,,5,1,W 2,Breslin Events Center,2,,TENNESSEE TECH,1:00 PM,MICH.
43,404,424,michigan-state,2010-12-01,REG,Duke (1),ACC,L,79,84,,5,2,L 1,Cameron Indoor Stadium,6,,DUKE (ACC/BIG TEN CHALLENGE),9:30 PM,N.C.
44,405,425,michigan-state,2010-12-04,REG,Bowling Green State,MAC,W,74,39,,6,2,W 1,Breslin Events Center,6,,BOWLING GREEN,1:30 PM,MICH.
45,406,426,michigan-state,2010-12-07,REG,Syracuse (8),Big East,L,58,72,,6,3,L 1,Madison Square Garden (IV),7,,SYRACUSE,9:00 PM,N.Y.
46,407,427,michigan-state,2010-12-11,REG,Oakland,Summit,W,77,76,,7,3,W 1,Palace of Auburn Hills,7,,OAKLAND,12:30 PM,MICH.
47,408,428,michigan-state,2010-12-18,REG,Prairie View,SWAC,W,90,51,,8,3,W 2,Breslin Events Center,14,,PRAIRIE VIEW A&M,6:30 PM,MICH.
48,409,429,michigan-state,2010-12-22,REG,Texas (18),Big 12,L,55,67,,8,4,L 1,Breslin Events Center,12,,TEXAS,7:00 PM,MICH.
49,410,430,michigan-state,2010-12-31,REG,Minnesota (14),Big Ten,W,71,62,,9,4,W 1,Breslin Events Center,20,,MINNESOTA,4:00 PM,MICH.
50,411,431,michigan-state,2011-01-03,REG,Northwestern,Big Ten,W,65,62,,10,4,W 2,Welsh-Ryan Arena,18,,NORTHWESTERN,7:30 PM,ILL.
51,412,432,michigan-state,2011-01-08,REG,Penn State,Big Ten,L,62,66,,10,5,L 1,Bryce Jordan Center,18,,PENN STATE,1:00 PM,PA.
52,413,433,michigan-state,2011-01-11,REG,Wisconsin (20),Big Ten,W,64,61,OT,11,5,W 1,Breslin Events Center,-,,WISCONSIN,7:00 PM,MICH.
53,414,434,michigan-state,2011-01-15,REG,Northwestern,Big Ten,W,71,67,OT,12,5,W 2,Breslin Events Center,-,,NORTHWESTERN,1:00 PM,MICH.
54,415,435,michigan-state,2011-01-18,REG,Illinois (23),Big Ten,L,62,71,,12,6,L 1,Assembly Hall,17,,ILLINOIS,7:00 PM,ILL.
55,416,436,michigan-state,2011-01-22,REG,Purdue (14),Big Ten,L,76,86,,12,7,L 2,Mackey Arena,17,,PURDUE,9:00 PM,IND.
56,417,437,michigan-state,2011-01-27,REG,Michigan,Big Ten,L,57,61,,12,8,L 3,Breslin Events Center,25,,MICHIGAN,7:00 PM,MICH.
57,418,438,michigan-state,2011-01-30,REG,Indiana,Big Ten,W,84,83,OT,13,8,W 1,Breslin Events Center,25,,INDIANA,6:00 PM,MICH.
58,419,439,michigan-state,2011-02-02,REG,Iowa,Big Ten,L,52,72,,13,9,L 1,Carver-Hawkeye Arena,-,,IOWA,8:30 PM,IOWA
59,420,440,michigan-state,2011-02-06,REG,Wisconsin (19),Big Ten,L,56,82,,13,10,L 2,Kohl Center,-,,WISCONSIN,1:00 PM,WIS.
60,421,441,michigan-state,2011-02-10,REG,Penn State,Big Ten,W,75,57,,14,10,W 1,Breslin Events Center,-,,PENN STATE,7:00 PM,MICH.
61,422,442,michigan-state,2011-02-15,REG,Ohio State (2),Big Ten,L,61,71,,14,11,L 1,Value City Arena,-,,OHIO STATE,9:00 PM,OHIO
62,423,443,michigan-state,2011-02-19,REG,Illinois,Big Ten,W,61,57,,15,11,W 1,Breslin Events Center,-,,ILLINOIS,9:00 PM,MICH.
63,424,444,michigan-state,2011-02-22,REG,Minnesota,Big Ten,W,53,48,,16,11,W 2,Williams Arena,-,,MINNESOTA,9:00 PM,MINN.
64,425,445,michigan-state,2011-02-27,REG,Purdue (8),Big Ten,L,47,67,,16,12,L 1,Breslin Events Center,-,,PURDUE,1:00 PM,MICH.
65,426,446,michigan-state,2011-03-02,REG,Iowa,Big Ten,W,85,66,,17,12,W 1,Breslin Events Center,-,,IOWA,6:30 PM,MICH.
66,427,447,michigan-state,2011-03-05,REG,Michigan,Big Ten,L,63,70,,17,13,L 1,Crisler Arena,-,,MICHIGAN,2:00 PM,MICH.
67,428,449,michigan-state,2011-03-10,CTOURN,Iowa,Big Ten,W,66,61,,18,13,W 1,,-,,IOWA,5:00 PM,IND.
68,429,450,michigan-state,2011-03-11,CTOURN,Purdue (9),Big Ten,W,74,56,,19,13,W 2,Conseco Fieldhouse,-,,PURDUE,6:30 PM,IND.
69,430,451,michigan-state,2011-03-12,CTOURN,Penn State,Big Ten,L,48,61,,19,14,L 1,,-,,PENN STATE,4:15 PM,IND.
70,431,453,michigan-state,2011-03-17,NCAA,UCLA,Pac-10,L,76,78,,19,15,L 2,St. Pete Times Forum,,,UCLA,9:20 PM,FLA.
71,432,454,michigan-state,2011-11-11,REG,North Carolina (1),ACC,L,55,67,,0,1,L 1,USS Carl Vinson,-,,NORTH CAROLINA,7:00 PM,CALIF.
72,433,455,michigan-state,2011-11-15,REG,Duke (6),ACC,L,69,74,,0,2,L 2,,-,,DUKE,7:00 PM,N.Y.
73,434,456,michigan-state,2011-11-18,REG,Texas Southern,SWAC,W,76,41,,1,2,W 1,Breslin Events Center,-,,TEXAS SOUTHERN,6:30 PM,MICH.
74,435,457,michigan-state,2011-11-20,REG,Little Rock,Sun Belt,W,69,47,,2,2,W 2,Breslin Events Center,-,,ARKANSAS-LITTLE ROCK,6:00 PM,MICH.
75,436,458,michigan-state,2011-11-23,REG,Milwaukee,Horizon,W,68,55,,3,2,W 3,Breslin Events Center,-,,MILWAUKEE,7:00 PM,MICH.
76,437,459,michigan-state,2011-11-27,REG,Eastern Michigan,MAC,W,72,40,,4,2,W 4,Convocation Center,-,,EASTERN MICHIGAN,12:00 PM,MICH.
77,438,460,michigan-state,2011-11-30,REG,Florida State,ACC,W,65,49,,5,2,W 5,Breslin Events Center,-,,FLORIDA STATE,7:30 PM,MICH.
78,439,461,michigan-state,2011-12-04,REG,Omaha,,W,110,68,,6,2,W 6,Breslin Events Center,-,,NEBRASKA-OMAHA,2:00 PM,MICH.
79,440,462,michigan-state,2011-12-07,REG,Central Connecticut State,NEC,W,89,69,,7,2,W 7,Breslin Events Center,-,,CENTRAL CONNECTICUT,7:00 PM,MICH.
80,441,463,michigan-state,2011-12-10,REG,Gonzaga (23),WCC,W,74,67,,8,2,W 8,McCarthey Athletic Center,-,,GONZAGA,9:00 PM,WASH.
81,442,464,michigan-state,2011-12-17,REG,Bowling Green State,MAC,W,74,60,,9,2,W 9,Breslin Events Center,21,,BOWLING GREEN,7:00 PM,MICH.
82,443,465,michigan-state,2011-12-19,REG,Kansas City,Summit,W,89,54,,10,2,W 10,Breslin Events Center,19,,UMKC,8:30 PM,MICH.
83,444,466,michigan-state,2011-12-22,REG,Lehigh,Patriot,W,90,81,,11,2,W 11,Breslin Events Center,19,,LEHIGH,9:00 PM,MICH.
84,445,467,michigan-state,2011-12-28,REG,Indiana (13),Big Ten,W,80,65,,12,2,W 12,Breslin Events Center,16,,INDIANA,7:30 PM,MICH.
85,446,468,michigan-state,2011-12-31,REG,Nebraska,Big Ten,W,68,55,,13,2,W 13,Bob Devaney Sports Center,16,,NEBRASKA,3:00 PM,NEB.
86,447,469,michigan-state,2012-01-03,REG,Wisconsin (18),Big Ten,W,63,60,OT,14,2,W 14,Kohl Center,10,,WISCONSIN,7:00 PM,WIS.
87,448,470,michigan-state,2012-01-10,REG,Iowa,Big Ten,W,95,61,,15,2,W 15,Breslin Events Center,6,,IOWA,7:00 PM,MICH.
88,449,471,michigan-state,2012-01-14,REG,Northwestern,Big Ten,L,74,81,,15,3,L 1,Welsh-Ryan Arena,6,,NORTHWESTERN,3:00 PM,ILL.
89,450,472,michigan-state,2012-01-17,REG,Michigan (20),Big Ten,L,59,60,,15,4,L 2,Crisler Arena,9,,MICHIGAN,7:00 PM,MICH.
90,451,473,michigan-state,2012-01-21,REG,Purdue,Big Ten,W,83,58,,16,4,W 1,Breslin Events Center,9,,PURDUE,12:00 PM,MICH.
91,452,474,michigan-state,2012-01-25,REG,Minnesota,Big Ten,W,68,52,,17,4,W 2,Breslin Events Center,10,,MINNESOTA,8:30 PM,MICH.
92,453,475,michigan-state,2012-01-31,REG,Illinois,Big Ten,L,41,42,,17,5,L 1,Assembly Hall,9,,ILLINOIS,7:00 PM,ILL.
93,454,476,michigan-state,2012-02-05,REG,Michigan (23),Big Ten,W,64,54,,18,5,W 1,Breslin Events Center,9,,MICHIGAN,1:00 PM,MICH.
94,455,477,michigan-state,2012-02-08,REG,Penn State,Big Ten,W,77,57,,19,5,W 2,Breslin Events Center,11,,PENN STATE,6:30 PM,MICH.
95,456,478,michigan-state,2012-02-11,REG,Ohio State (3),Big Ten,W,58,48,,20,5,W 3,Value City Arena,11,,OHIO STATE,6:00 PM,OHIO
96,457,479,michigan-state,2012-02-16,REG,Wisconsin (15),Big Ten,W,69,55,,21,5,W 4,Breslin Events Center,7,,WISCONSIN,7:00 PM,MICH.
97,458,480,michigan-state,2012-02-19,REG,Purdue,Big Ten,W,76,62,,22,5,W 5,Mackey Arena,7,,PURDUE,1:00 PM,IND.
98,459,481,michigan-state,2012-02-22,REG,Minnesota,Big Ten,W,66,61,,23,5,W 6,Williams Arena,6,,MINNESOTA,8:30 PM,MINN.
99,460,482,michigan-state,2012-02-25,REG,Nebraska,Big Ten,W,62,34,,24,5,W 7,Breslin Events Center,6,,NEBRASKA,8:00 PM,MICH.
100,461,483,michigan-state,2012-02-28,REG,Indiana (18),Big Ten,L,55,70,,24,6,L 1,Assembly Hall,5,,INDIANA,7:00 PM,IND.
101,462,484,michigan-state,2012-03-04,REG,Ohio State (10),Big Ten,L,70,72,,24,7,L 2,Breslin Events Center,5,,OHIO STATE,4:00 PM,MICH.
102,463,486,michigan-state,2012-03-09,CTOURN,Iowa,Big Ten,W,92,75,,25,7,W 1,Conseco Fieldhouse,8,,IOWA,12:00 PM,IND.
103,464,487,michigan-state,2012-03-10,CTOURN,Wisconsin (14),Big Ten,W,65,52,,26,7,W 2,,8,,WISCONSIN,1:40 PM,IND.
104,465,488,michigan-state,2012-03-11,CTOURN,Ohio State (7),Big Ten,W,68,64,,27,7,W 3,,8,,OHIO STATE,3:30 PM,IND.
105,466,490,michigan-state,2012-03-16,NCAA,Long Island University,NEC,W,89,67,,28,7,W 4,Nationwide Arena,,,LIU BROOKLYN,9:20 PM,OHIO
106,467,491,michigan-state,2012-03-18,NCAA,Saint Louis,A-10,W,65,61,,29,7,W 5,Nationwide Arena,,,SAINT LOUIS,2:45 PM,OHIO
107,468,492,michigan-state,2012-03-22,NCAA,Louisville (17),Big East,L,44,57,,29,8,L 1,US Airways Center,,,LOUISVILLE,7:47 PM,ARIZ.
108,469,493,michigan-state,2012-11-09,REG,Connecticut,Big East,L,62,66,,0,1,L 1,Harry A. Gampel Pavilion,14,,NORTHWOOD (FLA.) (EXH.),7:00 PM,MICH.
109,470,494,michigan-state,2012-11-13,REG,Kansas (7),Big 12,W,67,64,,1,1,W 1,Georgia Dome,21,,ST. CLOUD STATE (EXH.),8:30 PM,MICH.
110,471,495,michigan-state,2012-11-18,REG,Texas Southern,SWAC,W,69,41,,2,1,W 2,Breslin Events Center,21,,CONNECTICUT,5:30 PM,GERMANY
111,472,496,michigan-state,2012-11-20,REG,Boise State,MWC,W,74,70,,3,1,W 3,Breslin Events Center,15,,KANSAS,7:00 PM,GA.
112,473,497,michigan-state,2012-11-23,REG,Oakland,Summit,W,70,52,,4,1,W 4,Breslin Events Center,15,,TEXAS SOUTHERN,12:00 PM,MICH.
113,474,498,michigan-state,2012-11-25,REG,Louisiana,Sun Belt,W,63,60,,5,1,W 5,Breslin Events Center,15,,BOISE STATE,8:00 PM,MICH.
114,475,499,michigan-state,2012-11-28,REG,Miami (FL),ACC,L,59,67,,5,2,L 1,BankUnited Center,13,,OAKLAND,8:15 PM,MICH.
115,476,500,michigan-state,2012-12-01,REG,Nicholls State,Southland,W,84,39,,6,2,W 1,Breslin Events Center,13,,LOUISIANA-LAFAYETTE,12:00 PM,MICH.
116,477,501,michigan-state,2012-12-05,REG,Arkansas-Pine Bluff,SWAC,W,76,44,,7,2,W 2,Breslin Events Center,19,,MIAMI,7:30 PM,FLA.
117,478,502,michigan-state,2012-12-08,REG,Loyola (IL),Horizon,W,73,61,,8,2,W 3,Breslin Events Center,19,,LOYOLA CHICAGO,2:00 PM,MICH.
118,479,503,michigan-state,2012-12-15,REG,Tuskegee,,W,92,56,,9,2,W 4,Breslin Events Center,19,,TUSKEGEE,9:00 PM,MICH.
119,480,504,michigan-state,2012-12-18,REG,Bowling Green State,MAC,W,64,53,,10,2,W 5,Stroh Center,20,,BOWLING GREEN,7:00 PM,OHIO
120,481,505,michigan-state,2012-12-22,REG,Texas,Big 12,W,67,56,,11,2,W 6,Breslin Events Center,20,,TEXAS,2:00 PM,MICH.
121,482,506,michigan-state,2012-12-31,REG,Minnesota (9),Big Ten,L,63,76,,11,3,L 1,Williams Arena,18,,MINNESOTA,2:00 PM,MINN.
122,483,507,michigan-state,2013-01-05,REG,Purdue,Big Ten,W,84,61,,12,3,W 1,Breslin Events Center,18,,PURDUE,12:00 PM,MICH.
123,484,508,michigan-state,2013-01-10,REG,Iowa,Big Ten,W,62,59,,13,3,W 2,Carver-Hawkeye Arena,22,,IOWA,7:00 PM,IOWA
124,485,509,michigan-state,2013-01-13,REG,Nebraska,Big Ten,W,66,56,,14,3,W 3,Breslin Events Center,22,,NEBRASKA,6:00 PM,MICH.
125,486,510,michigan-state,2013-01-16,REG,Penn State,Big Ten,W,81,72,,15,3,W 4,Bryce Jordan Center,18,,PENN STATE,7:00 PM,PA.
126,487,511,michigan-state,2013-01-19,REG,Ohio State (11),Big Ten,W,59,56,,16,3,W 5,Breslin Events Center,18,,OHIO STATE,6:00 PM,MICH.
127,488,512,michigan-state,2013-01-22,REG,Wisconsin,Big Ten,W,49,47,,17,3,W 6,Kohl Center,13,,WISCONSIN,7:00 PM,WIS.
128,489,513,michigan-state,2013-01-27,REG,Indiana (7),Big Ten,L,70,75,,17,4,L 1,Assembly Hall,13,,INDIANA,1:00 PM,IND.
129,490,514,michigan-state,2013-01-31,REG,Illinois,Big Ten,W,80,75,,18,4,W 1,Breslin Events Center,13,,ILLINOIS,7:00 PM,MICH.
130,491,515,michigan-state,2013-02-06,REG,Minnesota (18),Big Ten,W,61,50,,19,4,W 2,Breslin Events Center,12,,MINNESOTA,7:00 PM,MICH.
131,492,516,michigan-state,2013-02-09,REG,Purdue,Big Ten,W,78,65,,20,4,W 3,Mackey Arena,12,,PURDUE,7:00 PM,IND.
132,493,517,michigan-state,2013-02-12,REG,Michigan (4),Big Ten,W,75,52,,21,4,W 4,Breslin Events Center,8,,MICHIGAN,9:00 PM,MICH.
133,494,518,michigan-state,2013-02-16,REG,Nebraska,Big Ten,W,73,64,,22,4,W 5,Bob Devaney Sports Center,8,,NEBRASKA,8:00 PM,NEB.
134,495,519,michigan-state,2013-02-19,REG,Indiana (1),Big Ten,L,68,72,,22,5,L 1,Breslin Events Center,4,,INDIANA,7:00 PM,MICH.
135,496,520,michigan-state,2013-02-24,REG,Ohio State (18),Big Ten,L,60,68,,22,6,L 2,Value City Arena,4,,OHIO STATE,4:00 PM,OHIO
136,497,521,michigan-state,2013-03-03,REG,Michigan (4),Big Ten,L,57,58,,22,7,L 3,Crisler Arena,9,,MICHIGAN,4:00 PM,MICH.
137,498,522,michigan-state,2013-03-07,REG,Wisconsin (22),Big Ten,W,58,43,,23,7,W 1,Breslin Events Center,10,,WISCONSIN,9:00 PM,MICH.
138,499,523,michigan-state,2013-03-10,REG,Northwestern,Big Ten,W,71,61,,24,7,W 2,Breslin Events Center,10,,NORTHWESTERN,6:00 PM,MICH.
139,500,525,michigan-state,2013-03-15,CTOURN,Iowa,Big Ten,W,59,56,,25,7,W 3,United Center,8,,IOWA,9:00 PM,ILL.
140,501,526,michigan-state,2013-03-16,CTOURN,Ohio State (10),Big Ten,L,58,61,,25,8,L 1,United Center,8,,OHIO STATE,4:10 PM,ILL.
141,502,528,michigan-state,2013-03-21,NCAA,Valparaiso,Horizon,W,65,54,,26,8,W 1,Palace of Auburn Hills,,,VALPARAISO,12:15 PM,MICH.
142,503,529,michigan-state,2013-03-23,NCAA,Memphis (19),CUSA,W,70,48,,27,8,W 2,Palace of Auburn Hills,,,MEMPHIS,2:45 PM,MICH.
143,504,530,michigan-state,2013-03-29,NCAA,Duke (6),ACC,L,61,71,,27,9,L 1,Lucas Oil Stadium,,,DUKE,9:45 PM,IND.
144,505,531,michigan-state,2013-11-08,REG,McNeese State,Southland,W,98,56,,1,0,W 1,Breslin Events Center,2,,MCNEESE STATE,7:00 PM,MICH.
145,506,532,michigan-state,2013-11-12,REG,Kentucky (1),SEC,W,78,74,,2,0,W 2,United Center,2,,KENTUCKY (CHAMPIONS CLASSIC),7:30 PM,ILL. (UNITED CENTER)
146,507,533,michigan-state,2013-11-15,REG,Columbia,Ivy,W,62,53,,3,0,W 3,Breslin Events Center,2,,COLUMBIA (COACHES VS. CANCER CLASSIC),9:00 PM,MICH.
147,508,534,michigan-state,2013-11-18,REG,Portland,WCC,W,82,67,,4,0,W 4,Breslin Events Center,1,,PORTLAND (COACHES VS. CANCER CLASSIC),7:00 PM,MICH.
148,509,535,michigan-state,2013-11-22,REG,Virginia Tech,ACC,W,96,77,,5,0,W 5,Barclays Center,1,,VIRGINIA TECH (COACHES VS. CANCER CLASSIC),9:30 PM,N.Y.
149,510,536,michigan-state,2013-11-23,REG,Oklahoma,Big 12,W,87,76,,6,0,W 6,Barclays Center,1,,OKLAHOMA (COACHES VS. CANCER CLASSIC),9:30 PM,N.Y.
150,511,537,michigan-state,2013-11-29,REG,Mount St. Mary's,NEC,W,98,65,,7,0,W 7,Breslin Events Center,1,,MOUNT ST. MARY'S,1:00 PM,MICH.
151,512,538,michigan-state,2013-12-04,REG,North Carolina,ACC,L,65,79,,7,1,L 1,Breslin Events Center,1,,NORTH CAROLINA (BIG TEN-ACC CHALLENGE),9:00 PM,MICH.
152,513,539,michigan-state,2013-12-14,REG,Oakland,Horizon,W,67,63,,8,1,W 1,,5,,OAKLAND,4:00 PM,MICH.
153,514,540,michigan-state,2013-12-17,REG,North Florida,A-Sun,W,78,48,,9,1,W 2,Breslin Events Center,5,,NORTH FLORIDA,7:00 PM,MICH.
154,515,541,michigan-state,2013-12-21,REG,Texas,Big 12,W,92,78,,10,1,W 3,Frank Erwin Center,5,,TEXAS,4:00 PM,TEXAS
155,516,542,michigan-state,2013-12-28,REG,New Orleans,Southland,W,101,48,,11,1,W 4,Breslin Events Center,5,,NEW ORLEANS,4:15 PM,MICH.
156,517,543,michigan-state,2013-12-31,REG,Penn State,Big Ten,W,79,63,,12,1,W 5,Bryce Jordan Center,5,,PENN STATE,5:00 PM,PA.
157,518,544,michigan-state,2014-01-04,REG,Indiana,Big Ten,W,73,56,,13,1,W 6,Assembly Hall,5,,INDIANA,2:00 PM,IND.
158,519,545,michigan-state,2014-01-07,REG,Ohio State (3),Big Ten,W,72,68,OT,14,1,W 7,Breslin Events Center,5,,OHIO STATE,9:00 PM,MICH.
159,520,546,michigan-state,2014-01-11,REG,Minnesota,Big Ten,W,87,75,OT,15,1,W 8,Breslin Events Center,5,,MINNESOTA,2:15 PM,MICH.
160,521,547,michigan-state,2014-01-15,REG,Northwestern,Big Ten,W,54,40,,16,1,W 9,Welsh-Ryan Arena,4,,NORTHWESTERN,7:00 PM,ILL.
161,522,548,michigan-state,2014-01-18,REG,Illinois,Big Ten,W,78,62,,17,1,W 10,Assembly Hall,4,,ILLINOIS,8:00 PM,ILL.
162,523,549,michigan-state,2014-01-21,REG,Indiana,Big Ten,W,71,66,,18,1,W 11,Breslin Events Center,3,,INDIANA,7:00 PM,MICH.
163,524,550,michigan-state,2014-01-25,REG,Michigan (21),Big Ten,L,75,80,,18,2,L 1,Breslin Events Center,3,,MICHIGAN,7:00 PM,MICH.
164,525,551,michigan-state,2014-01-28,REG,Iowa (15),Big Ten,W,71,69,OT,19,2,W 1,Carver-Hawkeye Arena,7,,IOWA,7:00 PM,IOWA
165,526,552,michigan-state,2014-02-01,REG,Georgetown,Big East,L,60,64,,19,3,L 1,,7,,GEORGETOWN,3:00 PM,N.Y.
166,527,553,michigan-state,2014-02-06,REG,Penn State,Big Ten,W,82,67,,20,3,W 1,Breslin Events Center,9,,PENN STATE,9:00 PM,MICH.
167,528,554,michigan-state,2014-02-09,REG,Wisconsin,Big Ten,L,58,60,,20,4,L 1,Kohl Center,9,,WISCONSIN,1:00 PM,WIS.
168,529,555,michigan-state,2014-02-13,REG,Northwestern,Big Ten,W,85,70,,21,4,W 1,Breslin Events Center,9,,NORTHWESTERN,7:00 PM,MICH.
169,530,556,michigan-state,2014-02-16,REG,Nebraska,Big Ten,L,51,60,,21,5,L 1,Breslin Events Center,9,,NEBRASKA,3:00 PM,MICH.
170,531,557,michigan-state,2014-02-20,REG,Purdue,Big Ten,W,94,79,,22,5,W 1,Mackey Arena,13,,PURDUE,7:00 PM,IND.
171,532,558,michigan-state,2014-02-23,REG,Michigan (20),Big Ten,L,70,79,,22,6,L 1,Crisler Arena,13,,MICHIGAN,12:00 PM,MICH.
172,533,559,michigan-state,2014-03-01,REG,Illinois,Big Ten,L,46,53,,22,7,L 2,Breslin Events Center,18,,ILLINOIS,4:00 PM,MICH.
173,534,560,michigan-state,2014-03-06,REG,Iowa (24),Big Ten,W,86,76,,23,7,W 1,Breslin Events Center,22,,IOWA,9:00 PM,MICH.
174,535,561,michigan-state,2014-03-09,REG,Ohio State,Big Ten,L,67,69,,23,8,L 1,Value City Arena,22,,OHIO STATE,4:30 PM,OHIO
175,536,563,michigan-state,2014-03-14,CTOURN,Northwestern,Big Ten,W,67,51,,24,8,W 1,,22,,NORTHWESTERN,9:00 PM,IND.
176,537,564,michigan-state,2014-03-15,CTOURN,Wisconsin (12),Big Ten,W,83,75,,25,8,W 2,,22,,WISCONSIN,4:10 PM,IND.
177,538,565,michigan-state,2014-03-16,CTOURN,Michigan (8),Big Ten,W,69,55,,26,8,W 3,Conseco Fieldhouse,22,,MICHIGAN,3:30 PM,IND.
178,539,567,michigan-state,2014-03-20,NCAA,Delaware,CAA,W,93,78,,27,8,W 4,Spokane Veterans Memorial Arena,,,DELAWARE,4:40 PM,WASH.
179,540,568,michigan-state,2014-03-22,NCAA,Harvard,Ivy,W,80,73,,28,8,W 5,Spokane Veterans Memorial Arena,,,HARVARD,8:40 PM,WASH.
180,541,569,michigan-state,2014-03-28,NCAA,Virginia (3),ACC,W,61,59,,29,8,W 6,Madison Square Garden (IV),,,VIRGINIA,9:57 PM,N.Y.
181,542,570,michigan-state,2014-03-30,NCAA,Connecticut (18),AAC,L,54,60,,29,9,L 1,Madison Square Garden (IV),,,CONNECTICUT,2:20 PM,N.Y.
182,543,571,michigan-state,2014-11-14,REG,Navy,Patriot,W,64,59,,1,0,W 1,Alumni Hall,18,9:40p,NAVY,9:00 PM,MD.
183,544,572,michigan-state,2014-11-18,REG,Duke (4),ACC,L,71,81,,1,1,L 1,Bankers Life Fieldhouse,19,7:00p,DUKE (CHAMPIONS CLASSIC),7:00 PM,IND.
184,545,573,michigan-state,2014-11-21,REG,Loyola (IL),MVC,W,87,52,,2,1,W 1,Breslin Events Center,19,7:00p,LOYOLA (CHICAGO),7:00 PM,MICH.
185,546,574,michigan-state,2014-11-24,REG,Santa Clara,WCC,W,79,52,,3,1,W 2,Breslin Events Center,20,7:00p,SANTA CLARA (ORLANDO CLASSIC),7:00 PM,MICH.
186,547,575,michigan-state,2014-11-27,REG,Rider,MAAC,W,77,45,,4,1,W 3,HP Field House,20,6:35p,RIDER (ORLANDO CLASSIC),6:30 PM,FLA.
187,548,576,michigan-state,2014-11-28,REG,Marquette,Big East,W,79,68,,5,1,W 4,HP Field House,20,9:00p,MICHIGAN STATE @ MARQUETTE,9:00 PM,FLORIDA
188,549,577,michigan-state,2014-11-30,REG,Kansas (11),Big 12,L,56,61,,5,2,L 1,HP Field House,20,1:00p,KANSAS,1:00 PM,FLA.
189,550,578,michigan-state,2014-12-03,REG,Notre Dame,ACC,L,78,79,OT,5,3,L 2,Purcell Pavilion at the Joyce Center,19,7:15p,NOTRE DAME (ACC/BIG TEN CHALLENGE),7:15 PM,IND.
190,551,579,michigan-state,2014-12-06,REG,Arkansas-Pine Bluff,SWAC,W,85,52,,6,3,W 1,Breslin Events Center,19,2:15p,ARKANSAS-PINE BLUFF,2:15 PM,MICH.
191,552,580,michigan-state,2014-12-14,REG,Oakland,Horizon,W,87,61,,7,3,W 2,Breslin Events Center,-,8:00p,OAKLAND,8:00 PM,MICH.
192,553,581,michigan-state,2014-12-17,REG,Eastern Michigan,MAC,W,66,46,,8,3,W 3,Breslin Events Center,25,9:00p,EASTERN MICHIGAN,9:00 PM,MICH.
193,554,582,michigan-state,2014-12-20,REG,Texas Southern,SWAC,L,64,71,OT,8,4,L 1,Breslin Events Center,25,5:00p,TEXAS SOUTHERN,5:00 PM,MICH.
194,555,583,michigan-state,2014-12-22,REG,The Citadel,Southern,W,82,56,,9,4,W 1,Breslin Events Center,-,6:00p,THE CITADEL,6:00 PM,MICH.
195,556,584,michigan-state,2014-12-30,REG,Maryland (12),Big Ten,L,66,68,2OT,9,5,L 1,Breslin Events Center,-,5:00p,MARYLAND,5:00 PM,MICH.
196,557,585,michigan-state,2015-01-05,REG,Indiana,Big Ten,W,70,50,,10,5,W 1,Breslin Events Center,-,7:00p,INDIANA,7:00 PM,MICH.
197,558,586,michigan-state,2015-01-08,REG,Iowa,Big Ten,W,75,61,,11,5,W 2,Carver-Hawkeye Arena,-,7:00p,IOWA,7:00 PM,IOWA
198,559,587,michigan-state,2015-01-11,REG,Northwestern,Big Ten,W,84,77,OT,12,5,W 3,Breslin Events Center,-,12:00p,NORTHWESTERN,12:00 PM,MICH.
199,560,588,michigan-state,2015-01-17,REG,Maryland (14),Big Ten,L,59,75,,12,6,L 1,Xfinity Center,-,4:00p,MARYLAND,4:00 PM,MD.
200,561,589,michigan-state,2015-01-21,REG,Penn State,Big Ten,W,66,60,,13,6,W 1,Breslin Events Center,-,7:00p,PENN STATE,7:00 PM,MICH.
201,562,590,michigan-state,2015-01-24,REG,Nebraska,Big Ten,L,77,79,,13,7,L 1,Pinnacle Bank Arena,-,4:00p,NEBRASKA,4:00 PM,NEB.
202,563,591,michigan-state,2015-01-29,REG,Rutgers,Big Ten,W,71,51,,14,7,W 1,Louis Brown Athletic Center,-,6:00p,RUTGERS,6:00 PM,N.J.
203,564,592,michigan-state,2015-02-01,REG,Michigan,Big Ten,W,76,66,OT,15,7,W 2,Breslin Events Center,-,1:00p,MICHIGAN,1:00 PM,MICH.
204,565,593,michigan-state,2015-02-07,REG,Illinois,Big Ten,L,54,59,,15,8,L 1,Breslin Events Center,-,12:00p,ILLINOIS,12:00 PM,MICH.
205,566,594,michigan-state,2015-02-10,REG,Northwestern,Big Ten,W,68,44,,16,8,W 1,Welsh-Ryan Arena,-,7:00p,NORTHWESTERN,7:00 PM,ILL.
206,567,595,michigan-state,2015-02-14,REG,Ohio State (23),Big Ten,W,59,56,,17,8,W 2,Breslin Events Center,-,12:00p,OHIO STATE,12:00 PM,MICH.
207,568,596,michigan-state,2015-02-17,REG,Michigan,Big Ten,W,80,67,,18,8,W 3,Crisler Arena,-,9:00p,MICHIGAN,9:00 PM,MICH.
208,569,597,michigan-state,2015-02-22,REG,Illinois,Big Ten,W,60,53,,19,8,W 4,State Farm Center,-,7:30p,ILLINOIS,7:30 PM,ILL.
209,570,598,michigan-state,2015-02-26,REG,Minnesota,Big Ten,L,90,96,OT,19,9,L 1,Breslin Events Center,-,7:00p,MINNESOTA,7:00 PM,MICH.
210,571,599,michigan-state,2015-03-01,REG,Wisconsin (5),Big Ten,L,61,68,,19,10,L 2,Kohl Center,-,4:00p,WISCONSIN,4:00 PM,WIS.
211,572,600,michigan-state,2015-03-04,REG,Purdue,Big Ten,W,72,66,,20,10,W 1,Breslin Events Center,-,8:00p,PURDUE,8:00 PM,MICH.
212,573,601,michigan-state,2015-03-07,REG,Indiana,Big Ten,W,74,72,,21,10,W 2,Assembly Hall,-,12:00p,INDIANA,12:00 PM,IND.
213,574,603,michigan-state,2015-03-13,CTOURN,Ohio State,Big Ten,W,76,67,,22,10,W 3,United Center,-,9:15p,OHIO STATE,9:00 PM,ILL.
214,575,604,michigan-state,2015-03-14,CTOURN,Maryland (8),Big Ten,W,62,58,,23,10,W 4,United Center,-,3:25p,MARYLAND,3:30 PM,ILL.
215,576,605,michigan-state,2015-03-15,CTOURN,Wisconsin (6),Big Ten,L,69,80,OT,23,11,L 1,United Center,-,3:30p,WISCONSIN,3:30 PM,ILL.
216,577,607,michigan-state,2015-03-20,NCAA,Georgia,SEC,W,70,63,,24,11,W 1,Spectrum Center,,12:40p,GEORGIA,12:40 PM,N.C.
217,578,608,michigan-state,2015-03-22,NCAA,Virginia (6),ACC,W,60,54,,25,11,W 2,Spectrum Center,,12:10p,VIRGINIA,12:10 PM,N.C.
218,579,609,michigan-state,2015-03-27,NCAA,Oklahoma (13),Big 12,W,62,58,,26,11,W 3,Carrier Dome,,10:16p,OKLAHOMA,10:07 PM,N.Y.
219,580,610,michigan-state,2015-03-29,NCAA,Louisville (17),ACC,W,76,70,OT,27,11,W 4,Carrier Dome,,2:20p,LOUISVILLE,2:20 PM,N.Y.
220,581,611,michigan-state,2015-04-04,NCAA,Duke (4),ACC,L,61,81,,27,12,L 1,Lucas Oil Stadium,,6:09p,DUKE,6:09 PM,IND.
221,582,612,michigan-state,2015-11-13,REG,Florida Atlantic,CUSA,W,82,55,,1,0,W 1,Breslin Events Center,13,7:00p,FLORIDA ATLANTIC,7:00 PM,MICH.
222,583,613,michigan-state,2015-11-17,REG,Kansas (4),Big 12,W,79,73,,2,0,W 2,United Center,13,10:00p,KANSAS,10:00 PM,ILL.
223,584,614,michigan-state,2015-11-20,REG,Arkansas-Pine Bluff,SWAC,W,92,46,,3,0,W 3,Breslin Events Center,13,7:00p,ARKANSAS-PINE BLUFF,7:00 PM,MICH.
224,585,615,michigan-state,2015-11-23,REG,Eastern Michigan,MAC,W,89,65,,4,0,W 4,Breslin Events Center,3,7:00p,EASTERN MICHIGAN,7:00 PM,MICH.
225,586,616,michigan-state,2015-11-26,REG,Boston College,ACC,W,99,68,,5,0,W 5,Titan Gym,3,6:30p,BOSTON COLLEGE,6:30 PM,CALIF.
226,587,617,michigan-state,2015-11-27,REG,Boise State,MWC,W,77,67,,6,0,W 6,Titan Gym,3,5:30p,BOISE STATE,5:30 PM,CALIF.
227,588,618,michigan-state,2015-11-29,REG,Providence,Big East,W,77,64,,7,0,W 7,Honda Center,3,10:00p,PROVIDENCE,10:00 PM,CALIF.
228,589,619,michigan-state,2015-12-02,REG,Louisville (24),ACC,W,71,67,,8,0,W 8,Breslin Events Center,3,7:15p,LOUISVILLE,7:15 PM,MICH.
229,590,620,michigan-state,2015-12-05,REG,Binghamton,AEC,W,76,33,,9,0,W 9,Breslin Events Center,3,12:00p,BINGHAMTON,12:00 PM,MICH.
230,591,621,michigan-state,2015-12-09,REG,Maryland-Eastern Shore,MEAC,W,78,35,,10,0,W 10,Breslin Events Center,1,7:00p,MARYLAND-EASTERN SHORE,7:00 PM,MICH.
231,592,622,michigan-state,2015-12-12,REG,Florida,SEC,W,58,52,,11,0,W 11,Breslin Events Center,1,6:00p,FLORIDA,6:00 PM,MICH.
232,593,623,michigan-state,2015-12-19,REG,Northeastern,CAA,W,78,58,,12,0,W 12,Matthews Arena,1,12:30p,NORTHEASTERN,12:30 PM,MASS.
233,594,624,michigan-state,2015-12-22,REG,Oakland,Horizon,W,99,93,OT,13,0,W 13,Palace of Auburn Hills,1,7:00p,OAKLAND,7:00 PM,MICH.
234,595,625,michigan-state,2015-12-29,REG,Iowa,Big Ten,L,70,83,,13,1,L 1,Carver-Hawkeye Arena,1,9:00p,IOWA,9:00 PM,IOWA
235,596,626,michigan-state,2016-01-02,REG,Minnesota,Big Ten,W,69,61,,14,1,W 1,Williams Arena,1,3:00p,MINNESOTA,3:00 PM,MINN.
236,597,627,michigan-state,2016-01-07,REG,Illinois,Big Ten,W,79,54,,15,1,W 2,Breslin Events Center,5,9:00p,ILLINOIS,9:00 PM,MICH.
237,598,628,michigan-state,2016-01-10,REG,Penn State,Big Ten,W,92,65,,16,1,W 3,Bryce Jordan Center,5,12:00p,PENN STATE,12:00 PM,PA.
238,599,629,michigan-state,2016-01-14,REG,Iowa (16),Big Ten,L,59,76,,16,2,L 1,Breslin Events Center,4,7:00p,IOWA,7:00 PM,MICH.
239,600,630,michigan-state,2016-01-17,REG,Wisconsin,Big Ten,L,76,77,,16,3,L 2,Kohl Center,4,1:30p,WISCONSIN,1:30 PM,WIS.
240,601,631,michigan-state,2016-01-20,REG,Nebraska,Big Ten,L,71,72,,16,4,L 3,Breslin Events Center,11,6:30p,NEBRASKA,6:30 PM,MICH.
241,602,632,michigan-state,2016-01-23,REG,Maryland (7),Big Ten,W,74,65,,17,4,W 1,Breslin Events Center,11,6:30p,MARYLAND,6:30 PM,MICH.
242,603,633,michigan-state,2016-01-28,REG,Northwestern,Big Ten,W,76,45,,18,4,W 2,Welsh-Ryan Arena,12,9:00p,NORTHWESTERN,9:00 PM,ILL.
243,604,634,michigan-state,2016-01-31,REG,Rutgers,Big Ten,W,96,62,,19,4,W 3,Breslin Events Center,12,5:15p,RUTGERS,5:15 PM,MICH.
244,605,635,michigan-state,2016-02-06,REG,Michigan,Big Ten,W,89,73,,20,4,W 4,Crisler Arena,10,2:00p,MICHIGAN,2:00 PM,MICH.
245,606,636,michigan-state,2016-02-09,REG,Purdue (18),Big Ten,L,81,82,OT,20,5,L 1,Mackey Arena,8,7:00p,PURDUE,7:00 PM,IND.
246,607,637,michigan-state,2016-02-14,REG,Indiana,Big Ten,W,88,69,,21,5,W 1,Breslin Events Center,8,1:00p,INDIANA,1:00 PM,MICH.
247,608,638,michigan-state,2016-02-18,REG,Wisconsin,Big Ten,W,69,57,,22,5,W 2,Breslin Events Center,8,9:00p,WISCONSIN,9:00 PM,MICH.
248,609,639,michigan-state,2016-02-23,REG,Ohio State,Big Ten,W,81,62,,23,5,W 3,Value City Arena,6,9:00p,OHIO STATE,9:00 PM,OHIO
249,610,640,michigan-state,2016-02-28,REG,Penn State,Big Ten,W,88,57,,24,5,W 4,Breslin Events Center,6,12:00p,PENN STATE,12:00 PM,MICH.
250,611,641,michigan-state,2016-03-02,REG,Rutgers,Big Ten,W,97,66,,25,5,W 5,Louis Brown Athletic Center,2,7:00p,RUTGERS,7:00 PM,N.J.
251,612,642,michigan-state,2016-03-05,REG,Ohio State,Big Ten,W,91,76,,26,5,W 6,Breslin Events Center,2,12:00p,OHIO STATE,12:00 PM,MICH.
252,613,644,michigan-state,2016-03-11,CTOURN,Ohio State,Big Ten,W,81,54,,27,5,W 7,Bankers Life Fieldhouse,2,6:30p,OHIO STATE,6:30 PM,IND.
253,614,645,michigan-state,2016-03-12,CTOURN,Maryland (18),Big Ten,W,64,61,,28,5,W 8,Bankers Life Fieldhouse,2,3:30p,MARYLAND,3:30 PM,IND.
254,615,646,michigan-state,2016-03-13,CTOURN,Purdue (13),Big Ten,W,66,62,,29,5,W 9,Bankers Life Fieldhouse,2,3:00p,PURDUE,3:00 PM,IND.
255,616,648,michigan-state,2016-03-18,NCAA,Middle Tennessee,CUSA,L,81,90,,29,6,L 1,Scottrade Center,,2:45p,MIDDLE TENNESSEE STATE,2:45 PM,MO.
256,617,649,michigan-state,2016-11-11,REG,Arizona (10),Pac-12,L,63,65,,0,1,L 1,Stan Sheriff Center,12,7:00p,ARIZONA,7:00 PM,HAWAII
257,618,650,michigan-state,2016-11-15,REG,Kentucky (2),SEC,L,48,69,,0,2,L 2,Madison Square Garden (IV),13,7:00p,KENTUCKY,7:00 PM,N.Y.
258,619,651,michigan-state,2016-11-18,REG,Mississippi Valley State,SWAC,W,100,53,,1,2,W 1,Breslin Events Center,13,7:00p,MISSISSIPPI VALLEY STATE,7:00 PM,MICH.
259,620,652,michigan-state,2016-11-20,REG,Florida Gulf Coast,A-Sun,W,78,77,,2,2,W 2,Breslin Events Center,13,7:00p,FLORIDA GULF COAST,7:00 PM,MICH.
260,621,653,michigan-state,2016-11-23,REG,St. John's (NY),Big East,W,73,62,,3,2,W 3,Imperial Arena at Atlantis Resort,24,7:00p,ST. JOHN'S,7:00 PM,BAHAMAS
261,622,654,michigan-state,2016-11-24,REG,Baylor (20),Big 12,L,58,73,,3,3,L 1,Imperial Arena at Atlantis Resort,24,12:00p,VS. BAYLOR,12:00 PM,BAHAMAS
262,623,655,michigan-state,2016-11-25,REG,Wichita State,MVC,W,77,72,,4,3,W 1,Imperial Arena at Atlantis Resort,24,1:00p,WICHITA STATE,1:00 PM,BAHAMAS
263,624,656,michigan-state,2016-11-29,REG,Duke (5),ACC,L,69,78,,4,4,L 1,Cameron Indoor Stadium,-,9:30p,DUKE,9:30 PM,N.C.
264,625,657,michigan-state,2016-12-03,REG,Oral Roberts,Summit,W,80,76,,5,4,W 1,Breslin Events Center,-,4:30p,ORAL ROBERTS,4:30 PM,MICH.
265,626,658,michigan-state,2016-12-06,REG,Youngstown State,Horizon,W,77,57,,6,4,W 2,Breslin Events Center,-,7:00p,YOUNGSTOWN STATE,7:00 PM,MICH.
266,627,659,michigan-state,2016-12-10,REG,Tennessee Tech,OVC,W,71,63,,7,4,W 3,Breslin Events Center,-,2:00p,TENNESSEE TECH,2:00 PM,MICH.
267,628,660,michigan-state,2016-12-18,REG,Northeastern,CAA,L,73,81,,7,5,L 1,Breslin Events Center,-,7:00p,NORTHEASTERN,7:00 PM,MICH.
268,629,661,michigan-state,2016-12-21,REG,Oakland,Horizon,W,77,65,,8,5,W 1,Breslin Events Center,-,7:00p,OAKLAND,7:00 PM,MICH.
269,630,662,michigan-state,2016-12-27,REG,Minnesota,Big Ten,W,75,74,OT,9,5,W 2,Williams Arena,-,9:00p,MINNESOTA,9:00 PM,MINN.
270,631,663,michigan-state,2016-12-30,REG,Northwestern,Big Ten,W,61,52,,10,5,W 3,Breslin Events Center,-,6:00p,NORTHWESTERN,6:00 PM,MICH.
271,632,664,michigan-state,2017-01-04,REG,Rutgers,Big Ten,W,93,65,,11,5,W 4,Breslin Events Center,-,6:30p,RUTGERS,6:30 PM,MICH.
272,633,665,michigan-state,2017-01-07,REG,Penn State,Big Ten,L,63,72,,11,6,L 1,The Palestra,-,1:00p,PENN STATE,1:00 PM,PA.
273,634,666,michigan-state,2017-01-11,REG,Minnesota (24),Big Ten,W,65,47,,12,6,W 1,Breslin Events Center,-,7:00p,MINNESOTA,7:00 PM,MICH.
274,635,667,michigan-state,2017-01-15,REG,Ohio State,Big Ten,L,67,72,,12,7,L 1,Value City Arena,-,1:30p,OHIO STATE,1:30 PM,OHIO
275,636,668,michigan-state,2017-01-21,REG,Indiana,Big Ten,L,75,82,,12,8,L 2,Assembly Hall,-,4:00p,INDIANA,4:00 PM,IND.
276,637,669,michigan-state,2017-01-24,REG,Purdue (20),Big Ten,L,73,84,,12,9,L 3,Breslin Events Center,-,7:00p,PURDUE,7:00 PM,MICH.
277,638,670,michigan-state,2017-01-29,REG,Michigan,Big Ten,W,70,62,,13,9,W 1,Breslin Events Center,-,1:00p,MICHIGAN,1:00 PM,MICH.
278,639,671,michigan-state,2017-02-02,REG,Nebraska,Big Ten,W,72,61,,14,9,W 2,Pinnacle Bank Arena,-,7:00p,NEBRASKA,7:00 PM,NEB.
279,640,672,michigan-state,2017-02-07,REG,Michigan,Big Ten,L,57,86,,14,10,L 1,Crisler Arena,-,9:00p,MICHIGAN,9:00 PM,MICH.
280,641,673,michigan-state,2017-02-11,REG,Iowa,Big Ten,W,77,66,,15,10,W 1,Breslin Events Center,-,6:00p,IOWA,6:00 PM,MICH.
281,642,674,michigan-state,2017-02-14,REG,Ohio State,Big Ten,W,74,66,,16,10,W 2,Breslin Events Center,-,9:00p,OHIO STATE,9:00 PM,MICH.
282,643,675,michigan-state,2017-02-18,REG,Purdue (16),Big Ten,L,63,80,,16,11,L 1,Mackey Arena,-,4:00p,PURDUE,4:00 PM,IND.
283,644,676,michigan-state,2017-02-23,REG,Nebraska,Big Ten,W,88,72,,17,11,W 1,Breslin Events Center,-,7:00p,NEBRASKA,7:00 PM,MICH.
284,645,677,michigan-state,2017-02-26,REG,Wisconsin (16),Big Ten,W,84,74,,18,11,W 2,Breslin Events Center,-,4:00p,WISCONSIN,4:00 PM,MICH.
285,646,678,michigan-state,2017-03-01,REG,Illinois,Big Ten,L,70,73,,18,12,L 1,State Farm Center,-,9:00p,ILLINOIS,9:00 PM,ILL.
286,647,679,michigan-state,2017-03-04,REG,Maryland,Big Ten,L,60,63,,18,13,L 2,Xfinity Center,-,2:00p,MARYLAND,2:00 PM,MD.
287,648,681,michigan-state,2017-03-09,CTOURN,Penn State,Big Ten,W,78,51,,19,13,W 1,Verizon Center,-,2:25p,PENN STATE,2:30 PM,D.C.
288,649,682,michigan-state,2017-03-10,CTOURN,Minnesota,Big Ten,L,58,63,,19,14,L 1,Verizon Center,-,2:45p,MINNESOTA,2:30 PM,D.C.
289,650,684,michigan-state,2017-03-17,NCAA,Miami (FL),ACC,W,78,58,,20,14,W 1,BOK Center,,9:20p,MIAMI,9:20 PM,OKLA.
290,651,685,michigan-state,2017-03-19,NCAA,Kansas (3),Big 12,L,70,90,,20,15,L 1,BOK Center,,5:15p,KANSAS,5:15 PM,OKLA.
291,652,686,michigan-state,2017-11-10,REG,North Florida,A-Sun,W,98,66,,1,0,W 1,Breslin Events Center,2,8:00p,NORTH FLORIDA,8:00 PM,MICH.
292,653,687,michigan-state,2017-11-14,REG,Duke (1),ACC,L,81,88,,1,1,L 1,United Center,2,7:00p,DUKE (CHAMPIONS CLASSIC),7:00 PM,ILL.
293,654,688,michigan-state,2017-11-19,REG,Stony Brook,AEC,W,93,71,,2,1,W 1,Breslin Events Center,2,4:00p,STONY BROOK (PK80),4:00 PM,MICH.
294,655,689,michigan-state,2017-11-23,REG,DePaul,Big East,W,73,51,,3,1,W 2,Moda Center,4,11:30p,DEPAUL (PK80),11:30 PM,ORE.
295,656,690,michigan-state,2017-11-25,REG,Connecticut,AAC,W,77,57,,4,1,W 3,Memorial Coliseum,4,12:00a,UCONN (PK80),12:00 AM,ORE.
296,657,691,michigan-state,2017-11-26,REG,North Carolina (9),ACC,W,63,45,,5,1,W 4,Moda Center,4,8:30p,NORTH CAROLINA (PK80),8:30 PM,ORE.
297,658,692,michigan-state,2017-11-30,REG,Notre Dame (5),ACC,W,81,63,,6,1,W 5,Breslin Events Center,3,7:00p,NOTRE DAME,7:00 PM,MICH.
298,659,693,michigan-state,2017-12-03,REG,Nebraska,Big Ten,W,86,57,,7,1,W 6,Breslin Events Center,3,4:30p,NEBRASKA,4:30 PM,MICH.
299,660,694,michigan-state,2017-12-05,REG,Rutgers,Big Ten,W,62,52,,8,1,W 7,Louis Brown Athletic Center,3,7:00p,RUTGERS,7:00 PM,N.J.
300,661,695,michigan-state,2017-12-09,REG,Southern Utah,Big Sky,W,88,63,,9,1,W 8,Breslin Events Center,3,6:00p,SOUTHERN UTAH,6:00 PM,MICH.
301,662,696,michigan-state,2017-12-16,REG,Oakland,Horizon,W,86,73,,10,1,W 9,Little Caesars Arena,2,2:00p,OAKLAND,2:30 PM,MICH.
302,663,697,michigan-state,2017-12-18,REG,Houston Baptist,Southland,W,107,62,,11,1,W 10,Breslin Events Center,2,6:00p,HOUSTON BAPTIST,6:00 PM,MICH.
303,664,698,michigan-state,2017-12-21,REG,Long Beach State,Big West,W,102,60,,12,1,W 11,Breslin Events Center,2,7:00p,LONG BEACH STATE,7:00 PM,MICH.
304,665,699,michigan-state,2017-12-29,REG,Cleveland State,Horizon,W,111,61,,13,1,W 12,Breslin Events Center,2,6:00p,CLEVELAND STATE,6:00 PM,MICH.
305,666,700,michigan-state,2017-12-31,REG,Savannah State,MEAC,W,108,52,,14,1,W 13,Breslin Events Center,2,12:00p,SAVANNAH STATE,12:00 PM,MICH.
306,667,701,michigan-state,2018-01-04,REG,Maryland,Big Ten,W,91,61,,15,1,W 14,Breslin Events Center,1,8:00p,MARYLAND,8:00 PM,MICH.
307,668,702,michigan-state,2018-01-07,REG,Ohio State,Big Ten,L,64,80,,15,2,L 1,Value City Arena,1,4:30p,OHIO STATE,4:30 PM,OHIO
308,669,703,michigan-state,2018-01-10,REG,Rutgers,Big Ten,W,76,72,OT,16,2,W 1,Breslin Events Center,4,7:00p,RUTGERS,7:00 PM,MICH.
309,670,704,michigan-state,2018-01-13,REG,Michigan,Big Ten,L,72,82,,16,3,L 1,Breslin Events Center,4,12:00p,MICHIGAN,12:00 PM,MICH.
310,671,705,michigan-state,2018-01-19,REG,Indiana,Big Ten,W,85,57,,17,3,W 1,Breslin Events Center,9,7:00p,INDIANA,7:00 PM,MICH.
311,672,706,michigan-state,2018-01-22,REG,Illinois,Big Ten,W,87,74,,18,3,W 2,State Farm Center,6,9:00p,ILLINOIS,9:00 PM,ILL.
312,673,707,michigan-state,2018-01-26,REG,Wisconsin,Big Ten,W,76,61,,19,3,W 3,Breslin Events Center,6,8:00p,WISCONSIN,8:00 PM,MICH.
313,674,708,michigan-state,2018-01-28,REG,Maryland,Big Ten,W,74,68,,20,3,W 4,Xfinity Center,6,1:00p,MARYLAND,1:00 PM,MD.
314,675,709,michigan-state,2018-01-31,REG,Penn State,Big Ten,W,76,68,,21,3,W 5,Breslin Events Center,5,6:30p,PENN STATE,6:30 PM,MICH.
315,676,710,michigan-state,2018-02-03,REG,Indiana,Big Ten,W,63,60,,22,3,W 6,Assembly Hall,5,8:15p,INDIANA,8:20 PM,IND.
316,677,711,michigan-state,2018-02-06,REG,Iowa,Big Ten,W,96,93,,23,3,W 7,Carver-Hawkeye Arena,4,9:00p,IOWA,9:00 PM,IOWA
317,678,712,michigan-state,2018-02-10,REG,Purdue (3),Big Ten,W,68,65,,24,3,W 8,Breslin Events Center,4,4:00p,PURDUE,4:00 PM,MICH.
318,679,713,michigan-state,2018-02-13,REG,Minnesota,Big Ten,W,87,57,,25,3,W 9,Williams Arena,2,9:00p,MINNESOTA,9:00 PM,MINN.
319,680,714,michigan-state,2018-02-17,REG,Northwestern,Big Ten,W,65,60,,26,3,W 10,Allstate Arena,2,2:00p,NORTHWESTERN,2:00 PM,ILL.
320,681,715,michigan-state,2018-02-20,REG,Illinois,Big Ten,W,81,61,,27,3,W 11,Breslin Events Center,2,7:00p,ILLINOIS,7:00 PM,MICH.
321,682,716,michigan-state,2018-02-25,REG,Wisconsin,Big Ten,W,68,63,,28,3,W 12,Kohl Center,2,1:00p,WISCONSIN,1:00 PM,WIS.
322,683,718,michigan-state,2018-03-02,CTOURN,Wisconsin,Big Ten,W,63,60,,29,3,W 13,Madison Square Garden (IV),2,12:00p,WISCONSIN,12:00 PM,"NEW YORK, N.Y."
323,684,719,michigan-state,2018-03-03,CTOURN,Michigan (15),Big Ten,L,64,75,,29,4,L 1,Madison Square Garden (IV),2,2:00p,MICHIGAN,2:00 PM,"NEW YORK, N.Y."
324,685,721,michigan-state,2018-03-16,NCAA,Bucknell,Patriot,W,82,78,,30,4,W 1,Little Caesars Arena,,7:10p,BUCKNELL,7:10 PM,MICH. (LITTLE CAESARS ARENA)
325,686,722,michigan-state,2018-03-18,NCAA,Syracuse,ACC,L,53,55,,30,5,L 1,Little Caesars Arena,,2:40p,SYRACUSE,2:40 PM,MICH. (LITTLE CAESARS ARENA)
326,687,723,michigan-state,2018-11-06,REG,Kansas (1),Big 12,L,87,92,,0,1,L 1,Bankers Life Fieldhouse,10,7:00p,#1 KANSAS,7 P.M.,IND.
327,688,724,michigan-state,2018-11-11,REG,Florida Gulf Coast,A-Sun,W,106,82,,1,1,W 1,Breslin Events Center,10,6:00p,FLORIDA GULF COAST,6 P.M.,MICH. BRESLIN CENTER
328,689,725,michigan-state,2018-11-14,REG,Louisiana-Monroe,Sun Belt,W,80,59,,2,1,W 2,Breslin Events Center,11,7:00p,LOUISIANA MONROE,7 P.M.,MICH. BRESLIN CENTER
329,690,726,michigan-state,2018-11-18,REG,Tennessee Tech,OVC,W,101,33,,3,1,W 3,Breslin Events Center,11,6:00p,TENNESSEE TECH,6 P.M.,MICH. BRESLIN CENTER
330,691,727,michigan-state,2018-11-22,REG,UCLA (17),Pac-12,W,87,67,,4,1,W 4,Orleans Arena,11,10:00p,#17 UCLA,10 PM ET,NEV.
331,692,728,michigan-state,2018-11-23,REG,Texas,Big 12,W,78,68,,5,1,W 5,Orleans Arena,11,6:30p,TEXAS,6:30 PM ET,NEV.
332,693,729,michigan-state,2018-11-27,REG,Louisville,ACC,L,78,82,OT,5,2,L 1,KFC Yum! Center,9,7:30p,LOUISVILLE,7:30 PM ET,KY.
333,694,730,michigan-state,2018-11-30,REG,Rutgers,Big Ten,W,78,67,,6,2,W 1,Louis Brown Athletic Center,9,6:00p,RUTGERS,6 PM ET,N.J.
334,695,731,michigan-state,2018-12-03,REG,Iowa (18),Big Ten,W,90,68,,7,2,W 2,Breslin Events Center,10,6:30p,#18 IOWA,6:30 PM ET,MICH. BRESLIN CENTER
335,696,732,michigan-state,2018-12-08,REG,Florida,SEC,W,63,59,,8,2,W 3,Stephen C. O'Connell Center,10,12:00p,FLORIDA,NOON ET,FLA.
336,697,733,michigan-state,2018-12-16,REG,Green Bay,Horizon,W,104,83,,9,2,W 4,Breslin Events Center,9,5:00p,GREEN BAY,5 PM ET,MICH. BRESLIN CENTER
337,698,734,michigan-state,2018-12-21,REG,Oakland,Horizon,W,99,69,,10,2,W 5,Breslin Events Center,10,7:00p,OAKLAND,7 PM ET,MICH. BRESLIN CENTER
338,699,735,michigan-state,2018-12-29,REG,Northern Illinois,MAC,W,88,60,,11,2,W 6,Breslin Events Center,8,2:00p,NORTHERN ILLINOIS,2 PM ET,MICH. BRESLIN CENTER
339,700,736,michigan-state,2019-01-02,REG,Northwestern,Big Ten,W,81,55,,12,2,W 7,Breslin Events Center,8,8:30p,NORTHWESTERN,8:30 PM ET,MICH. BRESLIN CENTER
340,701,737,michigan-state,2019-01-05,REG,Ohio State (14),Big Ten,W,86,77,,13,2,W 8,Value City Arena,8,12:00p,#14 OHIO STATE,NOON ET,OHIO
341,702,738,michigan-state,2019-01-08,REG,Purdue,Big Ten,W,77,59,,14,2,W 9,Breslin Events Center,6,9:00p,PURDUE,9 PM ET,MICH. BRESLIN CENTER
342,703,739,michigan-state,2019-01-13,REG,Penn State,Big Ten,W,71,56,,15,2,W 10,Bryce Jordan Center,6,4:30p,PENN STATE,4:30 PM ET,PA.
343,704,740,michigan-state,2019-01-17,REG,Nebraska,Big Ten,W,70,64,,16,2,W 11,Pinnacle Bank Arena,6,8:00p,NEBRASKA,8 PM ET,NEB.
344,705,741,michigan-state,2019-01-21,REG,Maryland (13),Big Ten,W,69,55,,17,2,W 12,Breslin Events Center,6,6:30p,#13 MARYLAND,6:30 PM ET,MICH. BRESLIN CENTER
345,706,742,michigan-state,2019-01-24,REG,Iowa (19),Big Ten,W,82,67,,18,2,W 13,Carver-Hawkeye Arena,6,7:00p,#19 IOWA,7 PM ET,IOWA
346,707,743,michigan-state,2019-01-27,REG,Purdue,Big Ten,L,63,73,,18,3,L 1,Mackey Arena,6,1:00p,PURDUE,1 PM ET,IND.
347,708,744,michigan-state,2019-02-02,REG,Indiana,Big Ten,L,75,79,OT,18,4,L 2,Breslin Events Center,6,6:00p,INDIANA,6 PM ET,MICH. BRESLIN CENTER
348,709,745,michigan-state,2019-02-05,REG,Illinois,Big Ten,L,74,79,,18,5,L 3,State Farm Center,9,7:00p,ILLINOIS,7 PM ET,ILL.
349,710,746,michigan-state,2019-02-09,REG,Minnesota,Big Ten,W,79,55,,19,5,W 1,Breslin Events Center,9,2:00p,MINNESOTA,2 PM ET,MICH. BRESLIN CENTER
350,711,747,michigan-state,2019-02-12,REG,Wisconsin (20),Big Ten,W,67,59,,20,5,W 2,Kohl Center,11,7:00p,#20 WISCONSIN,7 PM ET,WIS.
351,712,748,michigan-state,2019-02-17,REG,Ohio State,Big Ten,W,62,44,,21,5,W 3,Breslin Events Center,11,1:00p,OHIO STATE,1 PM ET,MICH. BRESLIN CENTER
352,713,749,michigan-state,2019-02-20,REG,Rutgers,Big Ten,W,71,60,,22,5,W 4,Breslin Events Center,10,6:30p,RUTGERS,6:30 PM ET,MICH. BRESLIN CENTER
353,714,750,michigan-state,2019-02-24,REG,Michigan (7),Big Ten,W,77,70,,23,5,W 5,Crisler Arena,10,3:45p,#7 MICHIGAN,3:45 PM ET,MICH.
354,715,751,michigan-state,2019-03-02,REG,Indiana,Big Ten,L,62,63,,23,6,L 1,Assembly Hall,6,12:00p,INDIANA,NOON ET,IND.
355,716,752,michigan-state,2019-03-05,REG,Nebraska,Big Ten,W,91,76,,24,6,W 1,Breslin Events Center,9,7:00p,NEBRASKA,7 PM ET,MICH. BRESLIN CENTER
356,717,753,michigan-state,2019-03-09,REG,Michigan (7),Big Ten,W,75,63,,25,6,W 2,Breslin Events Center,9,8:00p,#7 MICHIGAN,8 PM ET,MICH. BRESLIN CENTER
357,718,755,michigan-state,2019-03-15,CTOURN,Ohio State,Big Ten,W,77,70,,26,6,W 3,United Center,6,12:30p,OHIO STATE,12:30 PM ET/ 11:30 AM CT,ILL. / UNITED CENTER
358,719,756,michigan-state,2019-03-16,CTOURN,Wisconsin (19),Big Ten,W,67,55,,27,6,W 4,United Center,6,1:00p,#19 WISCONSIN,1 PM ET/ 12 PM CT,ILL. / UNITED CENTER
359,720,757,michigan-state,2019-03-17,CTOURN,Michigan (10),Big Ten,W,65,60,,28,6,W 5,United Center,6,3:30p,#10 MICHIGAN,3:30 PM ET/ 2:30 PM CT,ILL. / UNITED CENTER
360,721,759,michigan-state,2019-03-21,NCAA,Bradley,MVC,W,76,65,,29,6,W 6,Wells Fargo Arena,,2:45p,BRADLEY,2:45 PM ET,IOWA / WELLS FARGO ARENA
361,722,760,michigan-state,2019-03-23,NCAA,Minnesota,Big Ten,W,70,50,,30,6,W 7,Wells Fargo Arena,,7:45p,MINNESOTA,7:45 PM ET,IOWA / WELLS FARGO ARENA
362,723,761,michigan-state,2019-03-29,NCAA,Louisiana State (12),SEC,W,80,63,,31,6,W 8,Capital One Arena,,7:09p,#12 LSU,7 PM ET,D.C. / CAPITAL ONE ARENA
363,724,762,michigan-state,2019-03-31,NCAA,Duke (1),ACC,W,68,67,,32,6,W 9,Capital One Arena,,5:05p,#1 DUKE,5:05 PM ET,D.C. / CAPITAL ONE ARENA
364,725,763,michigan-state,2019-04-06,NCAA,Texas Tech (9),Big 12,L,51,61,,32,7,L 1,U.S. Bank Stadium,,8:49p,#9 TEXAS TECH,8:49 PM ET,MINN. / U.S. BANK STADIUM
